celda,x,y,era,amb,uni,prospcorr_mesozoico,incert_mesozoico
91665,274617.175379054,837253.404362624,Cenozoico,Continental,Depósito aluvial,0.881806254386902,0.0426374097271419
149705,-573713.411404056,669292.426123291,Mesozoico,Marino,Grupo Copa Sombrero - Formación Huasimal - Miembro Venados,0.898490071296692,0.0431194461243165
156809,-285601.136647528,649297.07157099,Mesozoico,Marino,Formación Chonta - Miembro Inferior,0.922110736370087,0.0380509776127639
158896,-287601.916333337,643298.465205299,Mesozoico,Marino,Formación Chonta - Miembro Medio,0.904399633407593,0.029171964248762
160672,480697.483017404,639299.394294839,Cenozoico,Continental,Depósito aluvial,0.876140117645264,0.00406884089854352
161525,-597722.767633767,635300.323384378,Mesozoico,Marino,Grupo Copa Sombrero - Formación Jahuay Negro - Miembro Peña Blanca,0.883642196655273,0.0404923631982235
161528,-591720.428576339,635300.323384378,Mesozoico,Continental,Grupo Copa Sombrero - Formación Jahuay Negro - Miembro Chapangos,0.92022043466568,0.0556213853859343
164322,-571712.631718247,627302.181563458,Cenozoico,Continental,Depósito fluvial,0.892918050289154,0.0254728505682491
164987,-633736.801978333,625302.646108228,Mesozoico,Continental,Formación Gigantal,0.919600129127502,0.0658143747732139
164991,-625733.683235096,625302.646108228,Mesozoico,Marino,Grupo Copa Sombrero - Formación Jahuay Negro - Miembro Peña Blanca,0.885755062103272,0.0754510726074782
165161,-285601.136647528,625302.646108228,Mesozoico,Marino,Formación Chonta - Miembro Medio,0.902979671955109,0.0134175056263627
180466,-299606.594448193,581312.866093164,Mesozoico,Marino,Formación Chonta - Miembro Medio,0.935977160930634,0.0156257314856389
199220,-375636.222508943,527325.40880195,Mesozoico,Marino,Formación Chonta - Miembro Medio,0.884080827236176,0.0181187882954068
199936,-335620.628792759,525325.87334672,Mesozoico,Marino,Formación Chonta - Miembro Medio,0.932329535484314,0.00227203978940673
205513,-317613.611620476,509329.589704879,Mesozoico,Marino,Formación Condorsinga,0.875698924064636,0.00338135370301742
206204,-327617.510049522,507330.054249649,Mesozoico,Marino,Formación Condorsinga,0.965427696704865,0.00176696236937237
206900,-327617.510049522,505330.518794419,Mesozoico,Marino,Formación Condorsinga,0.942606508731842,0.00148431981027374
206903,-321615.170992094,505330.518794419,Mesozoico,Marino,Formación Condorsinga,0.882449567317963,0.00283649253841356
206904,-319614.391306285,505330.518794419,Mesozoico,Marino,Formación Condorsinga,0.884697496891022,0.00520824372034893
211775,-321615.170992094,491333.770607808,Mesozoico,Marino,Grupo Pucará - Formación Aramachay,0.943239271640778,0.0360438464301794
212471,-321615.170992094,489334.235152578,Mesozoico,Marino,Grupo Pucará - Formación Aramachay,0.8771852850914,0.00797247231625839
213165,-325616.730363713,487334.699697347,Mesozoico,Marino,Grupo Pucará - Formación Aramachay,0.881819069385529,0.00776500519553355
213168,-319614.391306285,487334.699697347,Mesozoico,Marino,Grupo Pucará - Formación Aramachay,0.939821720123291,0.0262777746134587
213761,-525694.698944635,485335.164242117,Mesozoico,Marino,Formación Sávila,0.898465812206268,0.0122428024017983
213861,-325616.730363713,485335.164242117,Mesozoico,Marino,Grupo Pucará - Formación Aramachay,0.921888053417206,0.0415233974356756
213862,-323615.950677903,485335.164242117,Mesozoico,Marino,Grupo Pucará - Formación Aramachay,0.923744797706604,0.00352937976039372
213864,-319614.391306285,485335.164242117,Mesozoico,Marino,Grupo Pucará - Formación Aramachay,0.892198204994202,0.0183403656894568
213865,-317613.611620476,485335.164242117,Mesozoico,Marino,Grupo Pucará - Formación Aramachay,0.936550080776215,0.0271611212945422
214457,-525694.698944635,483335.628786887,Mesozoico,Marino,Formación Sávila,0.87256520986557,0.0100912600735879
214459,-521693.139573017,483335.628786887,Mesozoico,Marino,Formación Sávila,0.953306138515472,0.0932794248651333
214558,-323615.950677903,483335.628786887,Mesozoico,Marino,Grupo Pucará - Formación Aramachay,0.929324507713318,0.032618282386395
214560,-319614.391306285,483335.628786887,Mesozoico,Marino,Grupo Pucará - Formación Aramachay,0.940465271472931,0.0422634394679797
214561,-317613.611620476,483335.628786887,Mesozoico,Marino,Grupo Pucará - Formación Aramachay,0.933660507202148,0.0273313039691505
214562,-315612.831934667,483335.628786887,Mesozoico,Marino,Grupo Pucará - Formación Condorsinga,0.923487544059753,0.0266806034068948
215254,-323615.950677903,481336.093331657,Mesozoico,Marino,Grupo Pucará - Formación Aramachay,0.901411950588226,0.0130504418661446
215255,-321615.170992094,481336.093331657,Mesozoico,Marino,Grupo Pucará - Formación Aramachay,0.871934056282044,0.00703544733991783
215256,-319614.391306285,481336.093331657,Mesozoico,Marino,Grupo Pucará - Formación Aramachay,0.937650561332703,0.00951626027241068
215257,-317613.611620476,481336.093331657,Mesozoico,Marino,Grupo Pucará - Formación Aramachay,0.939973175525665,0.0127445425829759
215258,-315612.831934667,481336.093331657,Mesozoico,Marino,Grupo Pucará - Formación Aramachay,0.933669626712799,0.00740328037920743
215848,-527695.478630444,479336.557876427,Mesozoico,Marino,Formación Sávila,0.874958872795105,0.0137674464003387
215950,-323615.950677903,479336.557876427,Mesozoico,Marino,Grupo Pucará - Formación Aramachay,0.912687540054321,0.00735435966715264
215951,-321615.170992094,479336.557876427,Mesozoico,Marino,Grupo Pucará - Formación Aramachay,0.921593129634857,0.0132305006197446
215953,-317613.611620476,479336.557876427,Mesozoico,Marino,Grupo Pucará - Formación Aramachay,0.941817343235016,0.018585437911025
215954,-315612.831934667,479336.557876427,Mesozoico,Marino,Grupo Pucará - Formación Aramachay,0.936109066009521,0.0026141063974543
215955,-313612.052248857,479336.557876427,Mesozoico,Marino,Grupo Pucará - Formación Aramachay,0.934496700763702,0.0233177441362944
216647,-321615.170992094,477337.022421197,Mesozoico,Marino,Grupo Pucará - Formación Aramachay,0.940668940544128,0.0343679345490069
216649,-317613.611620476,477337.022421197,Mesozoico,Marino,Grupo Pucará - Formación Aramachay,0.906064093112946,0.0361750358649749
216650,-315612.831934667,477337.022421197,Mesozoico,Marino,Grupo Pucará - Formación Aramachay,0.907572984695435,0.0163808804170722
216651,-313612.052248857,477337.022421197,Mesozoico,Marino,Grupo Pucará - Formación Aramachay,0.91662985086441,0.00567933761006947
216654,-307609.71319143,477337.022421197,Mesozoico,Continental,Grupo Oriente - Formación Esperanza,0.875844717025757,0.0556230623543477
217344,-319614.391306285,475337.486965966,Mesozoico,Marino,Grupo Pucará - Formación Condorsinga,0.918803989887238,0.0887453303997681
217346,-315612.831934667,475337.486965966,Mesozoico,Marino,Grupo Pucará - Formación Aramachay,0.927226841449738,0.0726269467855629
217347,-313612.052248857,475337.486965966,Mesozoico,Marino,Grupo Pucará - Formación Aramachay,0.92805403470993,0.0513595411737523
217348,-311611.272563048,475337.486965966,Mesozoico,Marino,Grupo Pucará - Formación Aramachay,0.92518162727356,0.0406492884604808
217355,-297605.814762384,475337.486965966,Mesozoico,Marino,Grupo Pucará - Formación Aramachay,0.897705554962158,0.0177190832893041
218043,-313612.052248857,473337.951510736,Mesozoico,Marino,Grupo Pucará - Formación Aramachay,0.914318680763245,0.0769514993186202
218044,-311611.272563048,473337.951510736,Mesozoico,Marino,Grupo Pucará - Formación Aramachay,0.874121487140656,0.0524221340116514
219444,-295605.035076574,469338.880600276,Mesozoico,Marino,Grupo Pucará - Formación Aramachay,0.911857962608337,0.0844276025641577
219445,-293604.255390765,469338.880600276,Mesozoico,Marino,Grupo Pucará - Formación Chambará,0.879739046096802,0.0129991648737124
220138,-299606.594448193,467339.345145046,Mesozoico,Marino,Formación Condorsinga,0.895916223526001,0.0132940283003965
220141,-293604.255390765,467339.345145046,Mesozoico,Marino,Grupo Pucará - Formación Aramachay,0.889025866985321,0.0118241175057751
221417,-525694.698944635,463340.274234586,Mesozoico,Marino,Formación Sávila,0.903884172439575,0.0145645071337685
221520,-319614.391306285,463340.274234586,Mesozoico,Marino,Grupo Pucará - Formación Chambará,0.923468947410583,0.0726175328303549
222230,-291603.475704956,461340.738779355,Mesozoico,Marino,Grupo Pucará - Formación Chambará,0.913244247436523,0.0448308676937387
224329,-269594.899161054,455342.132413665,Mesozoico,Marino,Grupo Pucará - Formación Aramachay,0.882449567317963,0.0442115554219962
227042,-411650.256853509,447343.990592744,Mesozoico,Marino,Grupo Pucará - Formación Chambará,0.929943442344666,0.0631454478828479
227106,-283600.356961719,447343.990592744,Mesozoico,Marino,Grupo Pucará - Formación Aramachay,0.969157516956329,0.0550587174806191
229894,-275597.238218482,439345.848771824,Mesozoico,Marino,Grupo Pucará - Formación Condorsinga,0.909967064857483,0.0107848956734454
230587,-281599.57727591,437346.313316594,Cenozoico,Continental,Depósito aluvial,0.904141545295715,0.00479771320362075
230589,-277598.017904291,437346.313316594,Mesozoico,Marino,Grupo Pucará - Formación Condorsinga,0.905967652797699,0.00925514165345466
230590,-275597.238218482,437346.313316594,Mesozoico,Marino,Grupo Pucará - Formación Condorsinga,0.872904896736145,0.0461308933916825
231285,-277598.017904291,435346.777861363,Mesozoico,Marino,Grupo Pucará - Formación Condorsinga,0.874430894851685,0.0432614498331148
231286,-275597.238218482,435346.777861363,Mesozoico,Marino,Grupo Pucará - Formación Condorsinga,0.874128937721252,0.0121922465133476
231287,-273596.458532673,435346.777861363,Mesozoico,Marino,Grupo Pucará - Formación Condorsinga,0.935375571250916,0.0319149527918476
231288,-271595.678846864,435346.777861363,Mesozoico,Marino,Grupo Pucará - Formación Condorsinga,0.902655422687531,0.0471492764065958
231289,-269594.899161054,435346.777861363,Mesozoico,Marino,Grupo Pucará - Formación Aramachay,0.93647563457489,0.0121609407161767
231290,-267594.119475245,435346.777861363,Mesozoico,Marino,Grupo Pucará - Formación Aramachay,0.888383865356445,0.00696638250514579
231982,-275597.238218482,433347.242406133,Mesozoico,Marino,Grupo Pucará - Formación Aramachay,0.90566498041153,0.020014685675062
231983,-273596.458532673,433347.242406133,Cenozoico,Continental,Depósito fluvial,0.922869622707367,0.0266097675029631
231984,-271595.678846864,433347.242406133,Mesozoico,Marino,Grupo Pucará - Formación Condorsinga,0.938386142253876,0.00568089043431812
232675,-281599.57727591,431347.706950903,Cenozoico,Continental,Depósito fluvial,0.90611207485199,0.0183075197484013
232678,-275597.238218482,431347.706950903,Mesozoico,Marino,Grupo Pucará - Formación Condorsinga,0.927085936069489,0.0256227463366687
232679,-273596.458532673,431347.706950903,Mesozoico,Marino,Grupo Pucará - Formación Aramachay,0.884557008743286,0.0333336322953049
233375,-273596.458532673,429348.171495673,Mesozoico,Marino,Grupo Pucará - Formación Condorsinga,0.929876744747162,0.028216585639026
233376,-271595.678846864,429348.171495673,Mesozoico,Marino,Grupo Pucará - Formación Aramachay,0.872380614280701,0.0113353595695785
233379,-265593.339789436,429348.171495673,Mesozoico,Marino,Grupo Pucará - Formación Chambará,0.878825962543488,0.0471388673512068
233380,-263592.560103627,429348.171495673,Mesozoico,Marino,Grupo Pucará - Formación Aramachay,0.918128132820129,0.0283198141175995
233381,-261591.780417818,429348.171495673,Mesozoico,Marino,Grupo Pucará - Formación Condorsinga,0.874267935752869,0.0139269003927238
234038,-339622.188164377,427348.636040443,Mesozoico,Marino,Grupo Pucará - Formación Chambará,0.955931186676025,0.0653600066312038
234053,-309610.492877239,427348.636040443,Mesozoico,Marino,Grupo Pucará - Formación Aramachay,0.877535462379456,0.0641661669351038
234071,-273596.458532673,427348.636040443,Mesozoico,Marino,Grupo Pucará - Formación Condorsinga,0.929702281951904,0.0208428801969047
234072,-271595.678846864,427348.636040443,Mesozoico,Marino,Grupo Pucará - Formación Aramachay,0.881071507930756,0.0058036168035214
234076,-263592.560103627,427348.636040443,Mesozoico,Marino,Grupo Pucará - Formación Chambará,0.938541829586029,0.0385581340530693
234077,-261591.780417818,427348.636040443,Mesozoico,Marino,Grupo Pucará - Formación Chambará,0.933233141899109,0.0177253338366345
234734,-339622.188164377,425349.100585213,Mesozoico,Marino,Grupo Pucará - Formación Chambará,0.955477297306061,0.0555402341860233
234767,-273596.458532673,425349.100585213,Mesozoico,Marino,Grupo Pucará - Formación Aramachay,0.968674421310425,0.0564013913780229
234768,-271595.678846864,425349.100585213,Mesozoico,Marino,Grupo Pucará - Formación Aramachay,0.961549282073975,0.0643920540049038
234769,-269594.899161054,425349.100585213,Mesozoico,Marino,Grupo Pucará - Formación Chambará,0.967500567436218,0.0616176087077769
236823,-337621.408478568,419350.494219522,Mesozoico,Marino,Grupo Pucará - Formación Aramachay,0.964892089366913,0.0881524006258571
236824,-335620.628792759,419350.494219522,Mesozoico,Marino,Grupo Pucará - Formación Aramachay,0.942404389381409,0.0887449433893066
237520,-335620.628792759,417350.958764292,Mesozoico,Marino,Grupo Pucará - Formación Chambará,0.910650074481964,0.0918460179651776
237521,-333619.84910695,417350.958764292,Mesozoico,Marino,Grupo Pucará - Formación Aramachay,0.941128134727478,0.0629647488220933
238228,-311611.272563048,415351.423309062,Mesozoico,Marino,Grupo Pucará - Formación Chambará,0.956479549407959,0.0282428635950112
238252,-263592.560103627,415351.423309062,Mesozoico,Marino,Grupo Pucará - Formación Aramachay,0.91394829750061,0.0217507027234059
238950,-259591.000732008,413351.887853832,Mesozoico,Marino,Grupo Pucará - Formación Condorsinga,0.904652059078217,0.0644920302623674
240342,-259591.000732008,409352.816943372,Mesozoico,Marino,Grupo Pucará - Formación Aramachay,0.87534373998642,0.023379100681056
241010,-315612.831934667,407353.281488141,Mesozoico,Marino,Grupo Pucará - Formación Chambará,0.912729859352112,0.0890711598563938
241038,-259591.000732008,407353.281488141,Mesozoico,Marino,Grupo Pucará - Formación Aramachay,0.890702605247498,0.0244016117528327
242405,-309610.492877239,403354.210577681,Cenozoico,Continental,Depósito fluvial,0.904650330543518,0.0402746654995156
242411,-297605.814762384,403354.210577681,Mesozoico,Marino,Grupo Pucará - Formación Chambará,0.940628945827484,0.0601508833433842
242424,-271595.678846864,403354.210577681,Cenozoico,Continental,Depósito fluvial,0.888969719409943,0.0240227932608348
243095,-321615.170992094,401354.675122451,Mesozoico,Marino,Grupo Pucará - Formación Aramachay,0.942162752151489,0.00792965298966672
245883,-313612.052248857,393356.53330153,Mesozoico,Marino,Grupo Pucará - Formación Chambará,0.94894152879715,0.0617960554224804
245884,-311611.272563048,393356.53330153,Mesozoico,Marino,Grupo Pucará - Formación Chambará,0.917377769947052,0.0358674504913245
247279,-305608.93350562,389357.46239107,Cenozoico,Continental,Depósito fluvial,0.926535725593567,0.0661898950772973
247970,-315612.831934667,387357.92693584,Mesozoico,Marino,Grupo Pucará - Formación Aramachay,0.911653995513916,0.0353497664949207
247976,-303608.153819811,387357.92693584,Cenozoico,Continental,Depósito fluvial,0.968318164348602,0.0600927605444653
248658,-331619.06942114,385358.39148061,Cenozoico,Continental,Depósito fluvial,0.924346208572388,0.0334587101873199
249222,-595721.987947958,383358.85602538,Cenozoico,Marino,Depósito marino,0.881556868553162,0.0164276134363686
249326,-387640.900623799,383358.85602538,Mesozoico,Marino,Formación Inca,0.912387728691101,0.0916271810712634
249327,-385640.120937989,383358.85602538,Mesozoico,Continental,Grupo Goyllarisquizga - Formación Chimú,0.929690659046173,0.0263915396442663
249365,-309610.492877239,383358.85602538,Mesozoico,Marino,Grupo Pucará - Formación Chambará,0.908388495445251,0.062129493361918
249920,-591720.428576339,381359.320570149,Cenozoico,Marino,Depósito marino,0.91853278875351,0.0224600248206181
250061,-309610.492877239,381359.320570149,Mesozoico,Marino,Grupo Pucará - Formación Chambará,0.90579479932785,0.0625063043011181
250758,-307609.71319143,379359.785114919,Mesozoico,Marino,Grupo Pucará - Formación Chambará,0.913971543312073,0.0633324549396378
251316,-583717.309833102,377360.249659689,Cenozoico,Marino,Depósito marino,0.876993000507355,0.0184857692150152
252151,-305608.93350562,375360.714204459,Mesozoico,Marino,Grupo Pucará - Formación Chambará,0.952359020709991,0.0572901635868765
252847,-305608.93350562,373361.178749229,Mesozoico,Marino,Grupo Pucará - Formación Chambará,0.953147172927856,0.0780202725262537
252861,-277598.017904291,373361.178749229,Mesozoico,Marino,Grupo Pucará - Formación Aramachay,0.920300483703613,0.0542995181470207
252862,-275597.238218482,373361.178749229,Mesozoico,Marino,Grupo Pucará - Formación Chambará,0.885117650032044,0.0282810073568803
253549,-293604.255390765,371361.643293999,Mesozoico,Marino,Grupo Pucará - Formación Chambará,0.897758722305298,0.0668196231324022
253550,-291603.475704956,371361.643293999,Mesozoico,Marino,Grupo Pucará - Formación Chambará,0.883459210395813,0.0491496915909826
253551,-289602.696019147,371361.643293999,Mesozoico,Marino,Grupo Pucará - Formación Chambará,0.877325475215912,0.0288590515684053
253553,-285601.136647528,371361.643293999,Mesozoico,Marino,Grupo Pucará - Formación Chambará,0.939030587673187,0.0623550251992225
253554,-283600.356961719,371361.643293999,Mesozoico,Marino,Grupo Pucará - Formación Chambará,0.935886085033417,0.015095655219462
254237,-309610.492877239,369362.107838769,Mesozoico,Marino,Grupo Pucará - Formación Aramachay,0.96018373966217,0.0409152157138218
254246,-291603.475704956,369362.107838769,Mesozoico,Marino,Grupo Pucará - Formación Chambará,0.927945911884308,0.0227223525818503
254247,-289602.696019147,369362.107838769,Mesozoico,Marino,Grupo Pucará - Formación Chambará,0.902943730354309,0.0136255134054687
254253,-277598.017904291,369362.107838769,Mesozoico,Marino,Grupo Pucará - Formación Aramachay,0.933151960372925,0.0183783819433561
254891,-393643.239681226,367362.572383538,Mesozoico,Marino,Formación Cajamarca,0.922780871391296,0.0892192961951021
254942,-291603.475704956,367362.572383538,Mesozoico,Marino,Grupo Pucará - Formación Chambará,0.948446929454803,0.0252476193543077
254943,-289602.696019147,367362.572383538,Mesozoico,Marino,Grupo Pucará - Formación Chambará,0.934191882610321,0.0151161516501244
254949,-277598.017904291,367362.572383538,Mesozoico,Marino,Grupo Pucará - Formación Chambará,0.899221003055573,0.016230230001525
255588,-391642.459995417,365363.036928308,Mesozoico,Marino,Formación Cajamarca,0.904283046722412,0.0595089771279609
255638,-291603.475704956,365363.036928308,Mesozoico,Marino,Grupo Pucará - Formación Chambará,0.885374128818512,0.0118398560539878
255639,-289602.696019147,365363.036928308,Mesozoico,Marino,Grupo Pucará - Formación Chambará,0.881555497646332,0.0291628502683202
255645,-277598.017904291,365363.036928308,Mesozoico,Marino,Grupo Pucará - Formación Chambará,0.932508409023285,0.0439404843652157
256325,-309610.492877239,363363.501473078,Mesozoico,Marino,Grupo Pucará - Formación Aramachay,0.913146078586578,0.0518049343727675
256337,-285601.136647528,363363.501473078,Mesozoico,Marino,Grupo Pucará - Formación Chambará,0.918922901153564,0.0467095227663501
256981,-389641.680309608,361363.966017848,Mesozoico,Marino,Formación Cajamarca,0.895898044109345,0.0458176840665452
257019,-313612.052248857,361363.966017848,Mesozoico,Marino,Grupo Pucará - Formación Condorsinga,0.91601151227951,0.0882875243309875
257676,-391642.459995417,359364.430562618,Mesozoico,Marino,Formación Cajamarca,0.959092557430267,0.0775347863026334
257677,-389641.680309608,359364.430562618,Cenozoico,Continental,Depósito aluvial,0.968161940574646,0.0536045668294066
257729,-285601.136647528,359364.430562618,Mesozoico,Marino,Grupo Pucará - Formación Chambará,0.93877100944519,0.0320835600357161
257730,-283600.356961719,359364.430562618,Mesozoico,Marino,Grupo Pucará - Formación Chambará,0.919990718364716,0.0217197072385795
257736,-271595.678846864,359364.430562618,Mesozoico,Marino,Grupo Pucará - Formación Chambará,0.897516548633575,0.0230352149217884
258425,-285601.136647528,357364.895107388,Mesozoico,Marino,Grupo Pucará - Formación Chambará,0.874256312847138,0.0253930148518863
258430,-275597.238218482,357364.895107388,Mesozoico,Marino,Grupo Pucará - Formación Chambará,0.907863020896912,0.027180727098536
258431,-273596.458532673,357364.895107388,Mesozoico,Marino,Grupo Pucará - Formación Chambará,0.896716952323914,0.0420878462822089
258432,-271595.678846864,357364.895107388,Mesozoico,Marino,Grupo Pucará - Formación Chambará,0.906729519367218,0.0152528456823312
259108,-311611.272563048,355365.359652157,Mesozoico,Marino,Grupo Pucará - Formación Condorsinga,0.947565615177155,0.0754988043864908
259126,-275597.238218482,355365.359652157,Mesozoico,Marino,Grupo Pucará - Formación Chambará,0.927689254283905,0.0211984362221218
259127,-273596.458532673,355365.359652157,Mesozoico,Marino,Grupo Pucará - Formación Aramachay,0.939280688762665,0.035711483475611
259128,-271595.678846864,355365.359652157,Mesozoico,Marino,Grupo Pucará - Formación Chambará,0.895857751369476,0.0241375238909414
259129,-269594.899161054,355365.359652157,Mesozoico,Marino,Grupo Pucará - Formación Chambará,0.899221003055573,0.0175325517247004
259822,-275597.238218482,353365.824196927,Mesozoico,Marino,Grupo Pucará - Formación Aramachay,0.884033858776093,0.0218396360953801
259823,-273596.458532673,353365.824196927,Mesozoico,Marino,Grupo Pucará - Formación Aramachay,0.948233246803284,0.0146941680984345
259830,-259591.000732008,353365.824196927,Mesozoico,Marino,Grupo Pucará - Formación Chambará,0.911127507686615,0.0204662779709926
259831,-257590.221046199,353365.824196927,Mesozoico,Marino,Grupo Pucará - Formación Chambará,0.917334675788879,0.011301812540606
260517,-277598.017904291,351366.288741697,Mesozoico,Marino,Grupo Pucará - Formación Chambará,0.888112962245941,0.023337454619805
260519,-273596.458532673,351366.288741697,Mesozoico,Marino,Grupo Pucará - Formación Aramachay,0.927492260932922,0.0190680997372768
260520,-271595.678846864,351366.288741697,Mesozoico,Marino,Grupo Pucará - Formación Chambará,0.917334675788879,0.00987692944203634
260527,-257590.221046199,351366.288741697,Mesozoico,Marino,Grupo Pucará - Formación Chambará,0.916547179222107,0.0177542865162603
261213,-277598.017904291,349366.753286467,Mesozoico,Marino,Grupo Pucará - Formación Chambará,0.921058654785156,0.0217600163693103
261216,-271595.678846864,349366.753286467,Mesozoico,Marino,Grupo Pucará - Formación Chambará,0.924830853939056,0.0232324605795848
261217,-269594.899161054,349366.753286467,Mesozoico,Marino,Grupo Pucará - Formación Chambará,0.912294209003448,0.00978341875688475
261893,-309610.492877239,347367.217831237,Mesozoico,Marino,Grupo Pucará - Formación Condorsinga,0.919644296169281,0.0591976017471133
261894,-307609.71319143,347367.217831237,Mesozoico,Marino,Grupo Pucará - Formación Condorsinga,0.947360277175903,0.0878553731812514
261909,-277598.017904291,347367.217831237,Mesozoico,Marino,Grupo Pucará - Formación Chambará,0.932476699352264,0.0448383605841996
261910,-275597.238218482,347367.217831237,Mesozoico,Marino,Grupo Pucará - Formación Aramachay,0.892493307590485,0.0129599474650043
261912,-271595.678846864,347367.217831237,Mesozoico,Marino,Grupo Pucará - Formación Aramachay,0.918288946151733,0.0199057267211805
261913,-269594.899161054,347367.217831237,Mesozoico,Marino,Grupo Pucará - Formación Aramachay,0.93260782957077,0.0131925279830055
261914,-267594.119475245,347367.217831237,Mesozoico,Marino,Grupo Pucará - Formación Chambará,0.929206013679504,0.0273022975834572
261915,-265593.339789436,347367.217831237,Mesozoico,Marino,Grupo Pucará - Formación Chambará,0.934856414794922,0.0226971746044238
261917,-261591.780417818,347367.217831237,Mesozoico,Marino,Grupo Pucará - Formación Chambará,0.942349553108215,0.0493132137629141
262567,-353627.645965042,345367.682376007,Mesozoico,Marino,Formación Cajamarca,0.949169039726257,0.0500855621104851
262568,-351626.866279233,345367.682376007,Mesozoico,Marino,Grupo Pulluicana,0.932638764381409,0.0897057695388957
262570,-347625.306907614,345367.682376007,Cenozoico,Continental,Depósito aluvial,0.97905957698822,0.0362969917783836
262604,-279598.797590101,345367.682376007,Mesozoico,Marino,Grupo Pucará - Formación Chambará,0.883832335472107,0.0122259105037322
262605,-277598.017904291,345367.682376007,Mesozoico,Marino,Grupo Pucará - Formación Chambará,0.934191882610321,0.0168312341615885
262606,-275597.238218482,345367.682376007,Mesozoico,Marino,Grupo Pucará - Formación Aramachay,0.921543657779694,0.0281702642412741
262607,-273596.458532673,345367.682376007,Mesozoico,Marino,Grupo Pucará - Formación Condorsinga,0.869957983493805,0.0678844810804368
262610,-267594.119475245,345367.682376007,Mesozoico,Marino,Grupo Pucará - Formación Aramachay,0.91431587934494,0.017520268410084
262611,-265593.339789436,345367.682376007,Mesozoico,Marino,Grupo Pucará - Formación Chambará,0.898677110671997,0.0288557844869585
262613,-261591.780417818,345367.682376007,Mesozoico,Marino,Grupo Pucará - Formación Chambará,0.934856414794922,0.0391813483211232
263266,-347625.306907614,343368.146920777,Cenozoico,Continental,Depósito aluvial,0.940698444843292,0.083174935330377
263300,-279598.797590101,343368.146920777,Mesozoico,Marino,Grupo Pucará - Formación Chambará,0.928491115570068,0.0204697317416538
263301,-277598.017904291,343368.146920777,Mesozoico,Marino,Grupo Pucará - Formación Chambará,0.897758722305298,0.0199623298147257
263302,-275597.238218482,343368.146920777,Mesozoico,Marino,Grupo Pucará - Formación Chambará,0.894340693950653,0.0565888102502161
263306,-267594.119475245,343368.146920777,Mesozoico,Marino,Grupo Pucará - Formación Aramachay,0.902139663696289,0.0391536890508407
263308,-263592.560103627,343368.146920777,Mesozoico,Marino,Grupo Pucará - Formación Chambará,0.891036868095398,0.0224453805505824
263309,-261591.780417818,343368.146920777,Mesozoico,Marino,Grupo Pucará - Formación Chambará,0.923361301422119,0.0466650739775488
263310,-259591.000732008,343368.146920777,Mesozoico,Marino,Grupo Pucará - Formación Chambará,0.921058654785156,0.0469543352718431
263312,-255589.44136039,343368.146920777,Mesozoico,Marino,Grupo Pucará - Formación Chambará,0.894619107246399,0.0253694767443686
263313,-253588.661674581,343368.146920777,Mesozoico,Marino,Grupo Pucará - Formación Chambará,0.885962903499603,0.0376477711799121
263962,-347625.306907614,341368.611465546,Cenozoico,Continental,Depósito aluvial,0.953699350357056,0.0186259013114546
264003,-265593.339789436,341368.611465546,Mesozoico,Marino,Grupo Pucará - Formación Aramachay,0.871934056282044,0.01316725756316
264004,-263592.560103627,341368.611465546,Mesozoico,Marino,Grupo Pucará - Formación Chambará,0.880596935749054,0.0178797269942247
264005,-261591.780417818,341368.611465546,Mesozoico,Marino,Grupo Pucará - Formación Chambará,0.884843349456787,0.0263441248540939
264006,-259591.000732008,341368.611465546,Mesozoico,Marino,Grupo Pucará - Formación Chambará,0.931214988231659,0.0475902530359245
264007,-257590.221046199,341368.611465546,Mesozoico,Marino,Grupo Pucará - Formación Chambará,0.922115445137024,0.0302985159839693
264009,-253588.661674581,341368.611465546,Mesozoico,Marino,Grupo Pucará - Formación Chambará,0.874185800552368,0.0136056929522786
264699,-265593.339789436,339369.076010316,Mesozoico,Marino,Grupo Pucará - Formación Chambará,0.938492655754089,0.0438378232830845
264700,-263592.560103627,339369.076010316,Mesozoico,Marino,Grupo Pucará - Formación Chambará,0.921218037605286,0.0587926091795301
264701,-261591.780417818,339369.076010316,Mesozoico,Marino,Grupo Pucará - Formación Chambará,0.926819682121277,0.021418526092205
264702,-259591.000732008,339369.076010316,Mesozoico,Marino,Grupo Pucará - Formación Chambará,0.918399810791016,0.0363245590913397
264703,-257590.221046199,339369.076010316,Mesozoico,Marino,Grupo Pucará - Formación Chambará,0.912553727626801,0.0232936161479218
264704,-255589.44136039,339369.076010316,Mesozoico,Marino,Grupo Pucará - Formación Chambará,0.889923453330994,0.0193792059419511
264708,-247586.322617153,339369.076010316,Mesozoico,Marino,Grupo Pucará - Formación Chambará,0.87656968832016,0.00718689491041764
265356,-343623.747535996,337369.540555086,Mesozoico,Marino,Formación Cajamarca,0.954947352409363,0.0235851911221596
265392,-271595.678846864,337369.540555086,Mesozoico,Marino,Grupo Pucará - Formación Chambará,0.928432106971741,0.0201586358412574
265393,-269594.899161054,337369.540555086,Mesozoico,Marino,Grupo Pucará - Formación Chambará,0.916018903255463,0.022291799978586
267486,-259591.000732008,331370.934189396,Mesozoico,Marino,Grupo Pucará - Formación Chambará,0.909822583198547,0.00731352529622422
268887,-241583.983559725,327371.863278935,Mesozoico,Marino,Grupo Pucará - Formación Aramachay,0.876551449298859,0.0179582098456162
268888,-239583.203873916,327371.863278935,Mesozoico,Marino,Grupo Pucará - Formación Aramachay,0.895719528198242,0.0222766413077261
269582,-243584.763245535,325372.327823705,Mesozoico,Marino,Grupo Pucará - Formación Aramachay,0.889293789863586,0.0272620544721896
270260,-279598.797590101,323372.792368475,Mesozoico,Marino,Grupo Pucará - Formación Chambará,0.985138177871704,0.0832892309137587
270955,-281599.57727591,321373.256913245,Mesozoico,Marino,Grupo Pucará - Formación Chambará,0.93200820684433,0.0251026744938831
270956,-279598.797590101,321373.256913245,Mesozoico,Marino,Grupo Pucará - Formación Chambará,0.974786698818207,0.0300267585609271
270958,-275597.238218482,321373.256913245,Mesozoico,Continental,Grupo Mitu,0.878303647041321,0.0192397648554326
270959,-273596.458532673,321373.256913245,Mesozoico,Continental,Grupo Mitu,0.900569915771484,0.0091422491757072
270975,-241583.983559725,321373.256913245,Mesozoico,Marino,Grupo Pucará - Formación Aramachay,0.889336705207825,0.0298015746763703
272306,-363631.544394088,317374.186002785,Cenozoico,Continental,Depósito aluvial,0.939272940158844,0.0657881692453339
272374,-227578.525759061,317374.186002785,Cenozoico,Continental,Depósito fluvial,0.911858022212982,0.0390563767104795
272994,-379637.781880562,315374.650547554,Cenozoico,Marino,Formación Celendín,0.961424648761749,0.0776749547812229
273040,-287601.916333337,315374.650547554,Mesozoico,Marino,Grupo Pucará - Formación Chambará,0.920113921165466,0.0176807090984601
273063,-241583.983559725,315374.650547554,Mesozoico,Marino,Grupo Pucará - Formación Aramachay,0.891062736511231,0.0252186226976651
273064,-239583.203873916,315374.650547554,Mesozoico,Marino,Grupo Pucará - Formación Aramachay,0.88612025976181,0.0200580724262016
273694,-371634.663137325,313375.115092324,Mesozoico,Transicional,"Grupo Quilquiñán, Mujarrún",0.909258723258972,0.0735503083718407
273740,-279598.797590101,313375.115092324,Mesozoico,Continental,Grupo Mitu,0.889779686927795,0.00629774115794803
273759,-241583.983559725,313375.115092324,Mesozoico,Marino,Grupo Pucará - Formación Chambará,0.880126476287842,0.0227132549251513
273760,-239583.203873916,313375.115092324,Mesozoico,Marino,Grupo Pucará - Formación Aramachay,0.877575397491455,0.0243817946238826
273761,-237582.424188107,313375.115092324,Mesozoico,Marino,Grupo Pucará - Formación Aramachay,0.918494760990143,0.0137505646415672
274455,-241583.983559725,311375.579637094,Mesozoico,Marino,Grupo Pucará - Formación Chambará,0.880126476287842,0.0179650493593962
274456,-239583.203873916,311375.579637094,Mesozoico,Marino,Grupo Pucará - Formación Aramachay,0.922591924667358,0.0289368650999194
274457,-237582.424188107,311375.579637094,Mesozoico,Marino,Grupo Pucará - Formación Aramachay,0.909683704376221,0.0104134055776787
275151,-241583.983559725,309376.044181864,Mesozoico,Marino,Grupo Pucará - Formación Aramachay,0.901379406452179,0.0223151137568733
275784,-367633.103765706,307376.508726634,Cenozoico,Continental,Depósito aluvial,0.938351809978485,0.0506697384606108
275785,-365632.324079897,307376.508726634,Cenozoico,Continental,Depósito aluvial,0.939266920089722,0.045371343261386
275786,-363631.544394088,307376.508726634,Cenozoico,Continental,Depósito aluvial,0.952221989631653,0.0695689789149625
275823,-289602.696019147,307376.508726634,Cenozoico,Continental,Depósito aluvial,0.913164138793945,0.0332093094788569
275829,-277598.017904291,307376.508726634,Mesozoico,Continental,Grupo Mitu,0.917390108108521,0.0118875254765636
275830,-275597.238218482,307376.508726634,Mesozoico,Marino,Grupo Pucará - Formación Chambará,0.977391600608826,0.0536354946091305
275831,-273596.458532673,307376.508726634,Mesozoico,Marino,Grupo Pucará - Formación Chambará,0.977063059806824,0.0673159623892481
275832,-271595.678846864,307376.508726634,Mesozoico,Marino,Grupo Pucará - Formación Chambará,0.981433212757111,0.066174581011813
276474,-379637.781880562,305376.973271404,Cenozoico,Continental,Depósito aluvial,0.957747101783752,0.0795488826710475
276484,-359629.985022469,305376.973271404,Cenozoico,Continental,Depósito aluvial,0.968357503414154,0.0284886330423685
276485,-357629.20533666,305376.973271404,Cenozoico,Continental,Depósito aluvial,0.931672811508179,0.058920012093552
277182,-355628.425650851,303377.437816174,Cenozoico,Continental,Depósito aluvial,0.948541283607483,0.0642886537858085
277219,-281599.57727591,303377.437816174,Mesozoico,Marino,Grupo Pucará - Formación Chambará,0.912639319896698,0.0238018355414175
277220,-279598.797590101,303377.437816174,Mesozoico,Marino,Grupo Pucará - Formación Chambará,0.953851163387299,0.0224498245573325
277878,-355628.425650851,301377.902360943,Cenozoico,Continental,Depósito aluvial,0.948125779628754,0.0708892710067402
277915,-281599.57727591,301377.902360943,Mesozoico,Continental,Grupo Mitu,0.918959319591522,0.0346205179227728
277917,-277598.017904291,301377.902360943,Mesozoico,Marino,Grupo Pucará - Formación Chambará,0.967500567436218,0.0748355346399216
278564,-375636.222508943,299378.366905713,Mesozoico,Marino,Grupo Pulluicana - Formación Yumagual,0.878870785236359,0.089805970385605
278574,-355628.425650851,299378.366905713,Cenozoico,Continental,Depósito aluvial,0.950564384460449,0.0776180815082596
278609,-285601.136647528,299378.366905713,Mesozoico,Continental,Formación Fundo el Triunfo,0.945155560970306,0.0326123633606577
279271,-353627.645965042,297378.831450483,Mesozoico,Continental,Grupo Goyllarisquizga - Formación Chimú,0.909329652786255,0.0407099436519553
279305,-285601.136647528,297378.831450483,Mesozoico,Continental,Formación Fundo el Triunfo,0.920209944248199,0.0235127925969601
279306,-283600.356961719,297378.831450483,Mesozoico,Continental,Formación Fundo el Triunfo,0.942302823066711,0.0420468689413062
279308,-279598.797590101,297378.831450483,Mesozoico,Marino,Grupo Pucará - Formación Chambará,0.965908706188202,0.0504903825651022
280002,-283600.356961719,295379.295995253,Mesozoico,Continental,Formación Fundo el Triunfo,0.913750112056732,0.0227540282843436
280004,-279598.797590101,295379.295995253,Mesozoico,Marino,Grupo Pucará - Formación Chambará,0.979148030281067,0.020925358514356
280658,-363631.544394088,293379.760540023,Mesozoico,Marino,Formación Cajamarca,0.888544738292694,0.0939041124463555
280698,-283600.356961719,293379.760540023,Mesozoico,Continental,Formación Fundo el Triunfo,0.971498847007751,0.0421945666558411
281364,-343623.747535996,291380.225084793,Mesozoico,Marino,Formación Cajamarca,0.875825703144074,0.0793500246851944
282787,-281599.57727591,287381.154174332,Mesozoico,Continental,Formación Fundo el Triunfo,0.950000703334808,0.0353821229319609
283393,-461669.74899874,285381.618719102,Cenozoico,Continental,Granodiorita,0.920345544815063,0.0237162537780082
284181,-277598.017904291,283382.083263872,Mesozoico,Continental,Formación Fundo el Triunfo,0.942302823066711,0.042280236889806
285541,-341622.967850186,279383.012353412,Cenozoico,Continental,Depósito aluvial,0.954904615879059,0.0708029045603271
285577,-269594.899161054,279383.012353412,Mesozoico,Continental,Grupo Mitu,0.931674778461456,0.0108291794870343
286272,-271595.678846864,277383.476898182,Mesozoico,Marino,Grupo Pucará - Formación Chambará,0.925195813179016,0.013126610231432
286273,-269594.899161054,277383.476898182,Mesozoico,Marino,Grupo Pucará - Formación Chambará,0.971313118934631,0.0421863369033799
286929,-349626.086593423,275383.941442952,Cenozoico,Continental,Depósito aluvial,0.920056343078613,0.0458672124986441
286967,-273596.458532673,275383.941442952,Mesozoico,Marino,Grupo Pucará - Formación Chambará,0.94359940290451,0.0243930516853564
286969,-269594.899161054,275383.941442952,Mesozoico,Marino,Grupo Pucará - Formación Chambará,0.929628610610962,0.0141119228837998
288322,-347625.306907614,271384.870532491,Cenozoico,Continental,Depósito aluvial,0.874334216117859,0.0894305642969424
288326,-339622.188164377,271384.870532491,Mesozoico,Transicional,Grupo Chicama,0.922725677490234,0.0428818581441459
288958,-467672.088056168,269385.335077261,Mesozoico,Transicional,Grupo Chicama - Formación Simbal,0.909760117530823,0.00426295909693175
289057,-269594.899161054,269385.335077261,Mesozoico,Marino,Grupo Pucará - Formación Chambará,0.961632609367371,0.0127974342340308
289657,-461669.74899874,267385.799622031,Mesozoico,Transicional,Grupo Chicama - Formación Simbal,0.932332754135132,0.00612833775317616
289661,-453666.630255503,267385.799622031,Mesozoico,Continental,Grupo Chicama - Formación Tinajones- Miembro Inferior,0.933891117572784,0.0114209910813383
290356,-455667.409941312,265386.264166801,Mesozoico,Continental,Grupo Chicama - Formación Tinajones- Miembro Inferior,0.958044946193695,0.0216806375627653
291109,-341622.967850186,263386.728711571,Cenozoico,Continental,Depósito aluvial,0.934842348098755,0.0933565087112144
291111,-337621.408478568,263386.728711571,Cenozoico,Continental,Depósito aluvial,0.959101974964142,0.023182505232778
291805,-341622.967850186,261387.19325634,Cenozoico,Continental,Depósito aluvial,0.92997944355011,0.0883816073072975
293175,-385640.120937989,257388.12234588,Mesozoico,Continental,Grupo Goyllarisquizga - Formación Chimú,0.955052614212036,0.0706025758244068
295284,-343623.747535996,251389.51598019,Mesozoico,Continental,Grupo Goyllarisquizga - Formación Chimú,0.888708710670471,0.0826333447336606
295980,-343623.747535996,249389.98052496,Mesozoico,Continental,Grupo Goyllarisquizga - Formación Chimú,0.89024293422699,0.0700756026377426
296679,-337621.408478568,247390.445069729,Mesozoico,Continental,Grupo Goyllarisquizga - Formación Chimú,0.89549446105957,0.0304934112398258
296680,-335620.628792759,247390.445069729,Mesozoico,Continental,Grupo Goyllarisquizga - Formación Chimú,0.91932487487793,0.0814407783009394
297368,-351626.866279233,245390.909614499,Mesozoico,Continental,Grupo Goyllarisquizga - Formación Chimú,0.89039146900177,0.0847271348102211
297369,-349626.086593423,245390.909614499,Mesozoico,Continental,Grupo Goyllarisquizga - Formación Chimú,0.906404256820679,0.0452801315933057
297370,-347625.306907614,245390.909614499,Mesozoico,Continental,Grupo Goyllarisquizga - Formación Chimú,0.904555082321167,0.0596858808523247
297446,-195566.050786113,245390.909614499,Cenozoico,Continental,Depósito fluvial,0.8915895819664,0.0397030580148115
298066,-347625.306907614,243391.374159269,Mesozoico,Continental,Grupo Goyllarisquizga - Formación Chimú,0.951079547405243,0.0518756225901913
298072,-335620.628792759,243391.374159269,Cenozoico,Continental,Depósito aluvial,0.958829879760742,0.0879741112646497
298073,-333619.84910695,243391.374159269,Cenozoico,Continental,Depósito aluvial,0.940061628818512,0.0655857865703015
298074,-331619.06942114,243391.374159269,Cenozoico,Continental,Depósito aluvial,0.929231822490692,0.0643868671263664
298759,-353627.645965042,241391.838704039,Mesozoico,Continental,Grupo Goyllarisquizga - Formación Chimú,0.971009790897369,0.0558759434598995
298772,-327617.510049522,241391.838704039,Mesozoico,Continental,Grupo Goyllarisquizga - Formación Chimú,0.878201901912689,0.0499558533718906
299463,-337621.408478568,239392.303248809,Mesozoico,Continental,Grupo Goyllarisquizga - Formación Chimú,0.942494034767151,0.0848446382011436
299468,-327617.510049522,239392.303248809,Cenozoico,Continental,Depósito aluvial,0.936293125152588,0.0609621612254417
300165,-325616.730363713,237392.767793579,Cenozoico,Continental,Depósito aluvial,0.947384774684906,0.0697289033691353
300850,-347625.306907614,235393.232338349,Mesozoico,Continental,Grupo Goyllarisquizga - Formación Chimú,0.930158376693726,0.0919966613393091
301548,-343623.747535996,233393.696883118,Mesozoico,Continental,Grupo Goyllarisquizga - Formación Chimú,0.910707592964172,0.0575276833166334
302254,-323615.950677903,231394.161427888,Mesozoico,Continental,Grupo Goyllarisquizga - Formación Chimú,0.931997239589691,0.0455814632503212
304388,-231580.085130679,225395.555062198,Cenozoico,Continental,Depósito glaciar,0.887462198734283,0.00118175666517614
304411,-185562.152357067,225395.555062198,Cenozoico,Continental,Depósito aluvial,0.891255497932434,0.0639303265879385
305029,-341622.967850186,223396.019606968,Cenozoico,Continental,Depósito aluvial,0.895279407501221,0.0316374028200338
306500,-183561.372671258,219396.948696507,Cenozoico,Continental,Depósito fluvial,0.887516021728516,0.0418597592362013
308511,-337621.408478568,213398.342330817,Mesozoico,Continental,Grupo Goyllarisquizga - Formación Chimú,0.955171763896942,0.0923115775955817
308521,-317613.611620476,213398.342330817,Mesozoico,Marino,Formación Inca,0.941553592681885,0.0721810027816521
309209,-333619.84910695,211398.806875587,Mesozoico,Continental,Grupo Goyllarisquizga - Formación Chimú,0.88683944940567,0.0829257214577365
310597,-341622.967850186,207399.735965126,Mesozoico,Continental,Grupo Goyllarisquizga - Formación Chimú,0.931358993053436,0.0674584076361253
310617,-301607.374134002,207399.735965126,Mesozoico,Marino,Formación Inca,0.962489724159241,0.0885073396398266
312687,-337621.408478568,201401.129599436,Mesozoico,Continental,Grupo Goyllarisquizga - Formación Chimú,0.932240724563599,0.0828703426823042
319613,-405647.917796082,181405.775047134,Mesozoico,Marino,Grupo Casma - Formación Junco,0.872023344039917,0.0503042456549082
320357,-309610.492877239,179406.239591904,Cenozoico,Continental,Formación Oyón - Miembro inferior,0.881799876689911,0.0458676053451299
321055,-305608.93350562,177406.704136674,Cenozoico,Continental,Formación Oyón - Miembro inferior,0.955274999141693,0.0304179557505758
321056,-303608.153819811,177406.704136674,Cenozoico,Continental,Formación Oyón - Miembro inferior,0.871078848838806,0.0256443915365252
321751,-305608.93350562,175407.168681444,Cenozoico,Continental,Formación Oyón - Miembro inferior,0.887238383293152,0.00452301013370671
322446,-307609.71319143,173407.633226214,Cenozoico,Continental,Formación Oyón - Miembro inferior,0.890520334243774,0.0286446794739258
322448,-303608.153819811,173407.633226214,Mesozoico,Marino,Grupo Goyllarisquizga - Formación Carhuaz,0.882638037204742,0.018450568100876
323840,-303608.153819811,169408.562315754,Cenozoico,Continental,Formación Oyón - Miembro superior,0.874473571777344,0.0405014040621685
335686,-275597.238218482,135416.459576841,Cenozoico,Continental,Formación Oyón - Miembro superior,0.922323286533356,0.0733015248805312
338496,-223576.966387442,127418.31775592,Cenozoico,Continental,Gneis Pomabamba,0.915385663509369,0.0940831023614675
339144,-319614.391306285,125418.78230069,Mesozoico,Continental,Grupo Goyllarisquizga - Formación Chimú,0.953575134277344,0.0734927002395629
341273,-237582.424188107,119420.175935,Cenozoico,Marino,Formación Celendín,0.886706709861755,0.0800339550894088
342665,-237582.424188107,115421.105024539,Cenozoico,Marino,Formación Celendín,0.92126077413559,0.0900766156777492
344755,-233580.864816488,109422.498658849,Cenozoico,Continental,Formación Casapalca - Miembro Llamellín,0.885010123252869,0.0156051473704042
349636,-215573.847644205,95425.750472238,Cenozoico,Marino,Formación Celendín,0.963985681533813,0.0146011875364142
350320,-239583.203873916,93426.2150170078,Cenozoico,Continental,Formación Oyón,0.885429441928864,0.0714700760321366
351685,-293604.255390765,89427.1441065475,Mesozoico,Continental,Grupo Goyllarisquizga - Formación Chimú,0.931639611721039,0.0738883438878797
354470,-291603.475704956,81429.0022856269,Cenozoico,Continental,Depósito aluvial,0.963898122310638,0.0747227448682113
354515,-201568.389843541,81429.0022856269,Cenozoico,Sin dato,Complejo del Marañón,0.871666133403778,0.0822779283380609
360760,-239583.203873916,63433.1831885556,Cenozoico,Continental,Formación Oyón,0.961838603019714,0.0693864918354146
360761,-237582.424188107,63433.1831885556,Cenozoico,Continental,Grupo Chicama - Formación Sapotal,0.949301064014435,0.0830894874038359
362874,-187562.932042876,57434.5768228651,Cenozoico,Sin dato,"Complejo del Marañón - esquisto, gneis",0.962544798851013,0.0304272614623268
365614,-275597.238218482,49436.4350019445,Cenozoico,Continental,Formación Lloclla - Miembro 2,0.890353381633759,0.0853604456116335
365714,-75519.2696375597,49436.4350019445,Cenozoico,Continental,Formación Yahuarango,0.876653850078583,0.00294476531001102
366310,-275597.238218482,47436.8995467144,Cenozoico,Continental,Formación Lloclla - Miembro 2,0.952986240386963,0.0587842969357832
368429,-213573.067958396,41438.2931810239,Cenozoico,Sin dato,Formación Jumasha - Miembro 3,0.925376892089844,0.0897325032902448
381718,-83522.3883807966,3447.11953165109,Cenozoico,Continental,Plutón San Juan,0.896818518638611,0.0628479031206436
383745,-205569.949215159,-2551.48683403936,Cenozoico,Continental,Formación Oyón,0.876608610153198,0.0856260087226264
385117,-245585.542931344,-6550.55774449965,Cenozoico,Continental,Formación Lloclla - Miembro 2,0.883151531219482,0.0679544095450418
385813,-245585.542931344,-8550.09319972981,Cenozoico,Continental,"Depósito glaciar, fluvial",0.889867842197418,0.0719166775128964
386535,-193565.271100304,-10549.62865496,Cenozoico,Marino,Formación Jumasha - Miembro 3,0.870797455310822,0.0323928675774671
387945,-157551.236755738,-14548.6995654203,Cenozoico,Marino,Grupo Pucará - Formación Chambará,0.930122971534729,0.076865555241167
388622,-195566.050786113,-16548.2350206504,Cenozoico,Marino,Formación Jumasha - Miembro 3,0.947510063648224,0.0883885513801721
389997,-229579.30544487,-20547.3059311107,Mesozoico,Continental,Grupo Goyllarisquizga - Formación Chimú,0.892556190490723,0.0837062019597791
390077,-69516.9305801321,-20547.3059311107,Cenozoico,Continental,Grupo Mitu - Miembro Sedimentario,0.879681348800659,0.00641158698877844
392110,-179559.813299639,-26545.9122968012,Cenozoico,Transicional,Formación Pariahuanca,0.909657955169678,0.0770808340251744
394956,-55511.4727794675,-34544.0541177218,Cenozoico,Continental,Formación Yahuarango,0.899991631507874,0.0343634989568414
396292,-167555.135184784,-38543.1250281821,Cenozoico,Sin dato,Grupo Goyllarisquizga,0.886059880256653,0.0255679145240203
396362,-27500.5571781384,-38543.1250281821,Cenozoico,Continental,Depósito aluvial,0.90868878364563,0.0232509510372874
396989,-165554.355498975,-40542.6604834122,Cenozoico,Continental,Grupo Mitu,0.925296664237976,0.084442217858959
397753,-29501.3368639476,-42542.1959386424,Cenozoico,Continental,Depósito aluvial,0.890857100486755,0.0150254025379258
399074,-171556.694556402,-46541.2668491027,Cenozoico,Marino,Formación Jumasha - Miembro 2,0.95419305562973,0.0414448612926902
399769,-173557.474242212,-48540.8023043328,Cenozoico,Marino,Formación Jumasha - Miembro 1,0.988372266292572,0.0218968364614716
399770,-171556.694556402,-48540.8023043328,Cenozoico,Marino,Formación Jumasha - Miembro 3,0.976637721061707,0.0160943549388635
403265,-141544.999269264,-58538.4795804835,Mesozoico,Continental,Grupo Goyllarisquizga - Formación Chimú,0.964017450809479,0.0869211301949951
403266,-139544.219583455,-58538.4795804835,Mesozoico,Marino,Grupo Pucará - Formación Chambará,0.992192566394806,0.0076835563024901
403950,-163553.575813166,-60538.0150357137,Cenozoico,Transicional,Formación Pariahuanca,0.967961609363556,0.0903266480381411
403961,-141544.999269264,-60538.0150357137,Mesozoico,Marino,Grupo Pucará - Formación Chambará,0.971593856811523,0.0868607688754491
404646,-163553.575813166,-62537.5504909439,Cenozoico,Marino,Formación Jumasha - Miembro 2,0.934632003307343,0.0358800010358321
406053,-133541.880526027,-66536.6214014042,Mesozoico,Continental,"Grupo Goyllarisquizga - Formación Santa, Carhuaz",0.947432577610016,0.0506571107798394
407443,-137543.439897646,-70535.6923118645,Mesozoico,Marino,Grupo Pucará - Formación Chambará,0.961992025375366,0.0740200132680355
408139,-137543.439897646,-72535.2277670946,Mesozoico,Marino,Grupo Pucará - Formación Chambará,0.974456310272217,0.0426783928674388
408140,-135542.660211836,-72535.2277670946,Cenozoico,Marino,Grupo Pucará - Formación Chambará,0.960730314254761,0.0898260799405245
408141,-133541.880526027,-72535.2277670946,Mesozoico,Marino,Grupo Pucará - Formación Aramachay,0.989433228969574,0.0764605864752008
408150,-115534.863353744,-72535.2277670946,Cenozoico,Sin dato,Complejo del Marañón,0.870935797691345,0.0332202364842986
408831,-145546.558640883,-74534.7632223248,Cenozoico,Continental,Formación Jeroc,0.975801110267639,0.0723036678036672
408844,-119536.422725363,-74534.7632223248,Mesozoico,Marino,Grupo Pucará - Formación Condorsinga,0.960955679416656,0.0535868563513199
408845,-117535.643039553,-74534.7632223248,Mesozoico,Continental,Grupo Mitu - Miembro Sedimentario,0.912769496440887,0.0418146584131119
409533,-133541.880526027,-76534.2986775549,Mesozoico,Marino,Grupo Pucará - Formación Aramachay,0.989939868450165,0.0440822951154545
410227,-137543.439897646,-78533.834132785,Mesozoico,Marino,Grupo Pucará - Formación Chambará,0.97766250371933,0.0890462326839542
410230,-131541.100840218,-78533.834132785,Mesozoico,Marino,Grupo Pucará - Formación Condorsinga,0.940870881080627,0.0823148514127709
410237,-117535.643039553,-78533.834132785,Mesozoico,Marino,Grupo Pucará - Formación Chambará,0.992125570774078,0.00176483620120444
410238,-115534.863353744,-78533.834132785,Mesozoico,Marino,Grupo Pucará - Formación Chambará,0.989422261714935,0.0133579846193661
410924,-135542.660211836,-80533.3695880152,Mesozoico,Marino,Grupo Pucará - Formación Chambará,0.892975568771362,0.0649138016189972
410927,-129540.321154409,-80533.3695880152,Mesozoico,Marino,Grupo Pucará - Formación Chambará,0.991927027702332,0.0193686795565442
410934,-115534.863353744,-80533.3695880152,Mesozoico,Marino,Grupo Pucará - Formación Chambará,0.994692504405975,0.0104895368769133
411624,-127539.5414686,-82532.9050432453,Mesozoico,Marino,Grupo Pucará - Formación Chambará,0.989546835422516,0.065705826306108
412321,-125538.76178279,-84532.4404984755,Mesozoico,Marino,Grupo Pucará - Formación Chambará,0.984775960445404,0.0263316672160778
412327,-113534.083667935,-84532.4404984755,Mesozoico,Continental,Grupo Mitu - Miembro Sedimentario,0.984021484851837,0.0827596115576583
413024,-111533.303982126,-86531.9759537056,Mesozoico,Continental,Grupo Mitu - Miembro Sedimentario,0.935257017612457,0.0706962943705303
413716,-119536.422725363,-88531.5114089358,Mesozoico,Marino,Grupo Pucará - Formación Chambará,0.985985517501831,0.0687531369342854
413717,-117535.643039553,-88531.5114089358,Mesozoico,Marino,Grupo Pucará - Formación Chambará,0.990406095981598,0.0170519736290351
413721,-109532.524296317,-88531.5114089358,Mesozoico,Continental,Grupo Mitu - Miembro Sedimentario,0.983819305896759,0.0226876854265761
415106,-123537.982096981,-92530.5823193961,Mesozoico,Marino,Grupo Pucará - Formación Chambará,0.984264433383942,0.0382017647098848
415805,-117535.643039553,-94530.1177746262,Mesozoico,Marino,Grupo Pucará - Formación Chambará,0.988400101661682,0.0154808837906782
416501,-117535.643039553,-96529.6532298564,Mesozoico,Marino,Grupo Pucará - Formación Chambará,0.973775327205658,0.0768819745668789
416508,-103530.185238889,-96529.6532298564,Mesozoico,Marino,Grupo Pucará - Formación Chambará,0.982689023017883,0.0151576876248735
416536,-47508.3540362306,-96529.6532298564,Cenozoico,Marino,Grupo Pucará - Formación Chambará,0.885125696659088,0.0189138517387349
417878,-147547.338326692,-100528.724140317,Cenozoico,Continental,Formación Jeroc,0.944079279899597,0.0652542800182218
417894,-115534.863353744,-100528.724140317,Mesozoico,Marino,Grupo Pucará - Formación Chambará,0.973158657550812,0.0495048781279442
418591,-113534.083667935,-102528.259595547,Mesozoico,Continental,Grupo Mitu - Miembro Sedimentario,0.983352243900299,0.0130977239159848
418595,-105530.964924698,-102528.259595547,Mesozoico,Continental,Grupo Mitu - Miembro Sedimentario,0.983788132667542,0.0189429528373539
419287,-113534.083667935,-104527.795050777,Mesozoico,Marino,Grupo Pucará - Formación Chambará,0.982522964477539,0.0487068373570845
419968,-143545.778955073,-106527.330506007,Cenozoico,Continental,Depósito aluvial,0.966177046298981,0.0713607410715855
420318,556727.111078155,-106527.330506007,Cenozoico,Continental,Depósito aluvial,0.876140117645264,0.00696920300768539
421376,-111533.303982126,-110526.401416467,Cenozoico,Continental,Depósito aluvial,0.887280941009522,0.0633989596103439
425570,-75519.2696375597,-122523.614147848,Cenozoico,Continental,Grupo Ambo - Miembro Inferior,0.903928339481354,0.0799784122591972
426238,-131541.100840218,-124523.149603078,Cenozoico,Marino,Grupo Pucará - Formación Chambará,0.900837242603302,0.0456445056294887
426931,-137543.439897646,-126522.685058309,Cenozoico,Continental,Formación Huayllay - Miembro inferior,0.954276621341705,0.0730080460028222
426946,-107531.744610507,-126522.685058309,Cenozoico,Continental,Depósito aluvial,0.983955442905426,0.0394078607133066
427642,-107531.744610507,-128522.220513539,Cenozoico,Continental,Depósito aluvial,0.991628766059875,0.0682178596974783
428333,-117535.643039553,-130521.755968769,Cenozoico,Marino,Grupo Pucará - Formación Chambará,0.888092458248138,0.0808876354209615
428338,-107531.744610507,-130521.755968769,Cenozoico,Continental,Depósito aluvial,0.980296850204468,0.0496777895627236
429112,48529.0708826121,-132521.291423999,Mesozoico,Marino,Grupo Oriente - Formación Esperanza,0.915246963500977,0.0836392677956584
429736,-95527.066495652,-134520.826879229,Mesozoico,Marino,Grupo Pucará - Formación Aramachay,0.979607701301575,0.0452846172702027
430410,-139544.219583455,-136520.362334459,Cenozoico,Continental,Formación Casapalca - Miembro Superior,0.902307748794556,0.0455332929484305
430437,-85523.1680666059,-136520.362334459,Cenozoico,Marino,Grupo Pucará - Formación Chambará,0.986169338226318,0.00576931596428459
430439,-81521.6086949874,-136520.362334459,Cenozoico,Sin dato,Grupo Ambo - Miembro Superior,0.911570489406586,0.0588874992433245
431123,-105530.964924698,-138519.89778969,Mesozoico,Marino,Grupo Pucará - Formación Chambará,0.980878591537476,0.0690103865297824
431819,-105530.964924698,-140519.43324492,Mesozoico,Marino,Grupo Pucará - Formación Chambará,0.990700304508209,0.0923587582027178
431820,-103530.185238889,-140519.43324492,Mesozoico,Marino,Grupo Pucará - Formación Chambará,0.988197505474091,0.0202432593138388
432508,-119536.422725363,-142518.96870015,Cenozoico,Marino,Grupo Pucará - Formación Aramachay,0.955528020858765,0.0884850557478751
432514,-107531.744610507,-142518.96870015,Mesozoico,Marino,Grupo Pucará - Formación Chambará,0.981924533843994,0.0905327831893715
432516,-103530.185238889,-142518.96870015,Mesozoico,Marino,Grupo Pucará - Formación Chambará,0.99332457780838,0.00624825113907397
432518,-99528.6258672704,-142518.96870015,Mesozoico,Sin dato,Grupo Pucará - Formación Chambará,0.931707382202148,0.0423054603214299
432576,16516.5959096645,-142518.96870015,Cenozoico,Sin dato,Súper Unidad Sacsamayo,0.880860567092896,0.00929248818676322
433206,-115534.863353744,-144518.50415538,Cenozoico,Marino,Grupo Pucará - Formación Chambará,0.893670618534088,0.0887468755708469
433211,-105530.964924698,-144518.50415538,Mesozoico,Marino,Grupo Pucará - Formación Chambará,0.994915962219238,0.00995187003298675
433213,-101529.40555308,-144518.50415538,Mesozoico,Marino,Grupo Pucará - Formación Chambará,0.990288496017456,0.00614782467532401
433216,-95527.066495652,-144518.50415538,Mesozoico,Marino,Grupo Pucará - Formación Chambará,0.981547713279724,0.0411673050626222
433900,-119536.422725363,-146518.03961061,Cenozoico,Continental,Grupo Mitu - Miembro Sedimentario,0.876527309417725,0.0732379501309584
433906,-107531.744610507,-146518.03961061,Mesozoico,Marino,Grupo Pucará - Formación Chambará,0.988774418830872,0.0442493109957281
433908,-103530.185238889,-146518.03961061,Mesozoico,Marino,Grupo Pucará - Formación Chambará,0.982597172260284,0.0930002190122938
433910,-99528.6258672704,-146518.03961061,Mesozoico,Marino,Grupo Pucará - Formación Chambará,0.979472160339355,0.0807833000544371
433913,-93526.2868098427,-146518.03961061,Mesozoico,Marino,Grupo Pucará - Formación Chambará,0.993249773979187,0.0140117682086977
433958,-3491.20094842772,-146518.03961061,Cenozoico,Sin dato,Unidad Carrizal,0.899302840232849,0.0115582114650961
434597,-117535.643039553,-148517.57506584,Cenozoico,Marino,Grupo Pucará - Formación Chambará,0.88795268535614,0.0553045501270599
434603,-105530.964924698,-148517.57506584,Mesozoico,Marino,Grupo Pucará - Formación Chambará,0.992040455341339,0.0704406775746319
434606,-99528.6258672704,-148517.57506584,Mesozoico,Marino,Grupo Pucará - Formación Chambará,0.991656541824341,0.00271027531132241
434607,-97527.8461814612,-148517.57506584,Mesozoico,Marino,Grupo Pucará - Formación Chambará,0.977435886859894,0.0815197720263389
434608,-95527.066495652,-148517.57506584,Mesozoico,Marino,Grupo Pucará - Formación Chambará,0.976594269275665,0.0124302400999776
434609,-93526.2868098427,-148517.57506584,Mesozoico,Marino,Grupo Pucará - Formación Chambará,0.98650848865509,0.0575018507034379
435299,-105530.964924698,-150517.11052107,Mesozoico,Marino,Grupo Pucará - Formación Chambará,0.99592113494873,0.0169187745878405
435300,-103530.185238889,-150517.11052107,Mesozoico,Marino,Grupo Pucará - Formación Chambará,0.992691099643707,0.0323781234397019
435301,-101529.40555308,-150517.11052107,Mesozoico,Marino,Grupo Pucará - Formación Chambará,0.98976993560791,0.0356954589772674
435988,-119536.422725363,-152516.645976301,Cenozoico,Marino,Grupo Pucará - Formación Aramachay,0.952445566654205,0.0771304258035895
435997,-101529.40555308,-152516.645976301,Mesozoico,Marino,Grupo Pucará - Formación Aramachay,0.984347581863403,0.0337508218631027
435998,-99528.6258672704,-152516.645976301,Mesozoico,Marino,Grupo Pucará - Formación Chambará,0.988778054714203,0.0273888351943257
436679,-129540.321154409,-154516.181431531,Cenozoico,Continental,Formación Mataula,0.879926800727844,0.0764377675779706
436697,-93526.2868098427,-154516.181431531,Mesozoico,Marino,Grupo Pucará - Formación Chambará,0.893659770488739,0.0362352164732894
436698,-91525.5071240335,-154516.181431531,Mesozoico,Marino,Grupo Pucará - Formación Chambará,0.933677732944489,0.0476330039229236
436699,-89524.7274382243,-154516.181431531,Mesozoico,Marino,Grupo Pucará - Formación Chambará,0.963975369930267,0.0107891098187575
436700,-87523.9477524151,-154516.181431531,Mesozoico,Marino,Grupo Pucará - Formación Chambará,0.946910500526428,0.0509091827594184
437393,-93526.2868098427,-156515.716886761,Mesozoico,Marino,Grupo Pucará - Formación Chambará,0.979211151599884,0.058745539245624
437394,-91525.5071240335,-156515.716886761,Mesozoico,Marino,Grupo Pucará - Formación Chambará,0.985710024833679,0.00745409190359538
437395,-89524.7274382243,-156515.716886761,Mesozoico,Marino,Grupo Pucará - Formación Chambará,0.955111861228943,0.0294527626315015
438089,-93526.2868098427,-158515.252341991,Mesozoico,Marino,Grupo Pucará - Formación Chambará,0.98407781124115,0.0751754601764843
438091,-89524.7274382243,-158515.252341991,Mesozoico,Marino,Grupo Pucará - Formación Chambará,0.897749781608582,0.0798737952018298
438093,-85523.1680666059,-158515.252341991,Mesozoico,Marino,Grupo Pucará - Formación Chambará,0.879013419151306,0.0821282500210685
438831,-1490.4212626185,-160514.787797221,Cenozoico,Sin dato,Unidad Carrizal,0.907494843006134,0.046434354042718
440181,-85523.1680666059,-164513.858707682,Mesozoico,Marino,Formación Condorsinga,0.960209131240845,0.0480849730184041
440182,-83522.3883807966,-164513.858707682,Mesozoico,Marino,Grupo Pucará - Formación Condorsinga,0.959104061126709,0.0488460236409118
440879,-81521.6086949874,-166513.394162912,Mesozoico,Marino,Grupo Pucará - Formación Condorsinga,0.977411091327667,0.0863533321881317
442273,-77520.049323369,-170512.465073372,Mesozoico,Marino,Grupo Pucará - Formación Aramachay,0.98976993560791,0.0582117751246734
442277,-69516.9305801321,-170512.465073372,Mesozoico,Marino,Grupo Pucará - Formación Chambará,0.958458185195923,0.0309026643914094
442278,-67516.1508943229,-170512.465073372,Mesozoico,Marino,Grupo Pucará - Formación Chambará,0.946727752685547,0.0497363460094808
442974,-67516.1508943229,-172512.000528602,Mesozoico,Marino,Grupo Pucará - Formación Chambará,0.954586982727051,0.0920353039027383
442975,-65515.3712085136,-172512.000528602,Mesozoico,Marino,Grupo Pucará - Formación Chambará,0.923110485076904,0.0454388569954222
443662,-83522.3883807966,-174511.535983832,Cenozoico,Continental,Depósito glaciar,0.888432502746582,0.0550644513059034
443671,-65515.3712085136,-174511.535983832,Mesozoico,Marino,Grupo Pucará - Formación Chambará,0.962563693523407,0.0604787424487686
444353,-93526.2868098427,-176511.071439062,Cenozoico,Continental,Depósito fluvial,0.879878699779511,0.0652448128375044
444360,-79520.8290091782,-176511.071439062,Cenozoico,Continental,Depósito aluvial,0.906588971614838,0.0574226619513568
444362,-75519.2696375597,-176511.071439062,Mesozoico,Marino,Grupo Pucará - Formación Condorsinga,0.925701200962067,0.0603876557761063
444365,-69516.9305801321,-176511.071439062,Mesozoico,Marino,Grupo Pucará - Formación Condorsinga,0.979558944702148,0.0547516088651063
444367,-65515.3712085136,-176511.071439062,Mesozoico,Marino,Grupo Pucará - Formación Aramachay,0.985557854175568,0.0833031449984742
449239,-65515.3712085136,-190507.819625673,Mesozoico,Marino,Grupo Pucará - Formación Condorsinga,0.915540993213654,0.088883319216319
449243,-57512.2524652768,-190507.819625673,Mesozoico,Marino,Grupo Pucará - Formación Chambará,0.877809762954712,0.0797994546487463
450628,-71517.7102659413,-194506.890536134,Mesozoico,Marino,Grupo Pucará - Formación Condorsinga,0.971185863018036,0.0830406475953947
450754,180580.530146021,-194506.890536134,Mesozoico,Transicional,Formación Mainique - Miembro Medio,0.870316565036774,0.0932304204398443
451343,-33502.8962355661,-196506.425991364,Mesozoico,Marino,Grupo Pucará - Formación Aramachay,0.978108644485474,0.0593442322650576
452040,-31502.1165497568,-198505.961446594,Mesozoico,Marino,Grupo Pucará - Formación Aramachay,0.963743031024933,0.0875689234858577
452725,-53510.6930936583,-200505.496901824,Mesozoico,Marino,Grupo Pucará - Formación Chambará,0.940736889839172,0.0569994168846232
456906,-43506.7946646122,-212502.709633205,Mesozoico,Marino,Grupo Pucará - Formación Chambará,0.925146460533142,0.0776639794379844
457028,200588.327004113,-212502.709633205,Cenozoico,Continental,Depósito aluvial,0.891255497932434,0.0143831854178042
457599,-49509.1337220398,-214502.245088435,Mesozoico,Marino,Grupo Pucará - Formación Chambará,0.949069261550903,0.0305910294660886
458993,-45507.5743504214,-218501.315998896,Mesozoico,Marino,Grupo Pucará - Formación Aramachay,0.873424291610718,0.0557060977046561
458998,-35503.6759213753,-218501.315998896,Cenozoico,Continental,Depósito aluvial,0.92067289352417,0.0923251431464865
459693,-37504.4556071845,-220500.851454126,Mesozoico,Marino,Grupo Pucará - Formación Chambará,0.953686475753784,0.0601365383008035
459694,-35503.6759213753,-220500.851454126,Cenozoico,Continental,Depósito aluvial,0.870192766189575,0.0871935992143207
461092,-23498.99780652,-224499.922364586,Cenozoico,Continental,Depósito aluvial,0.925682783126831,0.076201197156599
463175,-33502.8962355661,-230498.528730276,Cenozoico,Continental,Depósito aluvial,0.904765963554382,0.0737828719531217
465260,-39505.2352929937,-236497.135095967,Mesozoico,Marino,Grupo Pucará - Formación Condorsinga,0.954851806163788,0.0562071388114081
465269,-21498.2181207107,-236497.135095967,Cenozoico,Continental,Depósito aluvial,0.875768184661865,0.074543497042014
465965,-21498.2181207107,-238496.670551197,Mesozoico,Marino,Grupo Pucará - Formación Aramachay,0.948752820491791,0.0363734013781089
465966,-19497.4384349015,-238496.670551197,Cenozoico,Continental,Depósito aluvial,0.925008296966553,0.040258992719729
465972,-7492.76032004616,-238496.670551197,Mesozoico,Marino,Grupo Pucará - Formación Chambará,0.990919351577759,0.00659329012836828
466662,-19497.4384349015,-240496.206006427,Mesozoico,Marino,Grupo Pucará - Formación Chambará - Miembro superior,0.949666559696198,0.0532533604210012
467353,-29501.3368639476,-242495.741461657,Mesozoico,Marino,Grupo Pucará - Formación Aramachay,0.93952888250351,0.0609610539715078
469426,-59513.032151086,-248494.347827348,Cenozoico,Continental,Depósito aluvial,0.94712620973587,0.0808853732979015
471541,-5491.98063423694,-254492.954193038,Mesozoico,Marino,Grupo Pucará - Formación Aramachay,0.910975635051727,0.0401978652972435
472936,510.358423190728,-258492.025103499,Mesozoico,Marino,Grupo Pucará - Formación Chambará - Miembro superior,0.981832504272461,0.0221400066121914
477810,4511.91779480917,-272488.77329011,Mesozoico,Marino,Grupo Pucará - Formación Aramachay,0.969878375530243,0.0940583527896361
477811,6512.6974806184,-272488.77329011,Mesozoico,Marino,Grupo Pucará - Formación Condorsinga,0.965759813785553,0.0765918232598671
481273,-29501.3368639476,-282486.45056626,Cenozoico,Sin dato,Formación Chaucha - Miembro Inferior,0.901887953281403,0.0262099556890163
481994,20518.155281283,-284485.986021491,Mesozoico,Continental,Grupo Mitu - Miembro Sedimentario,0.918995141983032,0.0864712659521004
482688,16516.5959096645,-286485.521476721,Mesozoico,Marino,Grupo Pucará - Formación Aramachay,0.974847972393036,0.0568795653590798
483385,18517.3755954737,-288485.056931951,Mesozoico,Marino,Grupo Pucará - Formación Chambará,0.987447679042816,0.0341670679608449
484795,54531.4099400398,-292484.127842411,Mesozoico,Continental,Grupo Mitu - Miembro Sedimentario,0.974585711956024,0.0451607137166482
484797,58532.9693116582,-292484.127842411,Mesozoico,Marino,Grupo Pucará - Formación Chambará,0.982809007167816,0.0333017031762782
485477,26520.4943387106,-294483.663297641,Mesozoico,Marino,Grupo Pucará - Formación Chambará,0.98528003692627,0.0568721560781502
485492,56532.189625849,-294483.663297641,Mesozoico,Marino,Grupo Pucará - Formación Chambará,0.9631627202034,0.0859832460450855
486868,24519.7146529014,-298482.734208102,Mesozoico,Marino,Grupo Pucará - Formación Aramachay,0.990521788597107,0.0877974541451682
486869,26520.4943387106,-298482.734208102,Mesozoico,Marino,Grupo Pucará - Formación Chambará,0.991321265697479,0.0169847032760139
486870,28521.2740245199,-298482.734208102,Mesozoico,Marino,Grupo Pucará - Formación Chambará,0.977444410324097,0.0766498319531419
486871,30522.0537103291,-298482.734208102,Mesozoico,Marino,Grupo Pucará - Formación Chambará,0.9812331199646,0.0768288072248737
486872,32522.8333961383,-298482.734208102,Mesozoico,Marino,Grupo Pucará - Formación Chambará,0.936922073364258,0.0929067574175507
487564,24519.7146529014,-300482.269663332,Mesozoico,Marino,Grupo Pucará - Formación Aramachay,0.991924941539764,0.0107691883729576
488955,22518.9349670922,-304481.340573792,Mesozoico,Marino,Grupo Pucará - Formación Aramachay,0.925728499889374,0.0842928611237868
489651,22518.9349670922,-306480.876029022,Mesozoico,Marino,Grupo Pucará - Formación Aramachay,0.909250199794769,0.0564849426631932
489659,38525.172453566,-306480.876029022,Mesozoico,Marino,Grupo Pucará - Formación Chambará,0.935281932353973,0.0663637653049734
491042,20518.155281283,-310479.946939482,Mesozoico,Marino,Grupo Pucará - Formación Aramachay,0.952198386192322,0.0782200713406289
492433,18517.3755954737,-314479.017849943,Mesozoico,Marino,Grupo Pucará - Formación Chambará,0.988289833068848,0.0356586576451475
493057,-125538.76178279,-316478.553305173,Mesozoico,Marino,Formación Atocongo,0.928439319133759,0.058463638528627
493129,18517.3755954737,-316478.553305173,Mesozoico,Marino,Grupo Pucará - Formación Chambará,0.991150498390198,0.00622151653494172
493133,26520.4943387106,-316478.553305173,Mesozoico,Marino,Grupo Pucará - Formación Chambará,0.954118490219116,0.0394672029554252
493829,26520.4943387106,-318478.088760403,Mesozoico,Marino,Grupo Pucará - Formación Chambará,0.944077789783478,0.067169668319291
495220,24519.7146529014,-322477.159670863,Mesozoico,Marino,Grupo Pucará - Formación Chambará,0.957998096942902,0.0286732720211324
495221,26520.4943387106,-322477.159670863,Mesozoico,Marino,Grupo Pucará - Formación Chambará,0.929522216320038,0.0219295067938477
496544,-111533.303982126,-326476.230581324,Mesozoico,Marino,Formación Atocongo,0.906636893749237,0.0141896579505071
496640,80541.5458555597,-326476.230581324,Cenozoico,Continental,Depósito aluvial,0.944315850734711,0.087868458896678
496641,82542.3255413689,-326476.230581324,Cenozoico,Continental,Depósito aluvial,0.938765943050385,0.0338380358761598
497336,80541.5458555597,-328475.766036554,Cenozoico,Continental,Depósito aluvial,0.940174877643585,0.0906583662434742
497628,664769.214111853,-328475.766036554,Cenozoico,Continental,Depósito aluvial,0.8844975233078,0.0144672881123567
500732,-87523.9477524151,-338473.443312705,Cenozoico,Continental,Depósito aluvial,0.935506343841553,0.00787361984029338
502123,-89524.7274382243,-342472.514223165,Cenozoico,Continental,Depósito aluvial,0.906911909580231,0.0035446274816556
509163,70537.6474265135,-362467.868775466,Cenozoico,Continental,Depósito aluvial,0.974472045898438,0.0790121052950453
509364,472694.364274167,-362467.868775466,Cenozoico,Continental,Depósito aluvial,0.877111732959747,0.0157896689916291
510471,-97527.8461814612,-366466.939685927,Mesozoico,Marino,Formación Atocongo,0.915035307407379,0.0705003830472523
510673,306629.650352002,-366466.939685927,Cenozoico,Continental,Formación San Sebastián,0.901020407676697,0.0875395014582117
512643,70537.6474265135,-372465.546051617,Cenozoico,Continental,Depósito aluvial,0.88570898771286,0.0662163024928096
513960,-79520.8290091782,-376464.616962077,Mesozoico,Marino,Formación Atocongo,0.885600507259369,0.0174733145326054
513967,-65515.3712085136,-376464.616962077,Mesozoico,Marino,Formación Huaranguillo - Miembro Superior,0.901495754718781,0.0144883064333054
513968,-63514.5915227044,-376464.616962077,Mesozoico,Marino,Formación Huaranguillo - Miembro Superior,0.942531645298004,0.0589430097521952
514662,-67516.1508943229,-378464.152417308,Mesozoico,Marino,Formación Huaranguillo - Miembro Superior,0.900124430656433,0.00684654609337273
514663,-65515.3712085136,-378464.152417308,Mesozoico,Marino,Formación Huaranguillo - Miembro Superior,0.964507043361664,0.0850544276420075
515345,-93526.2868098427,-380463.687872538,Mesozoico,Marino,Formación Atocongo,0.926097095012665,0.0186770346682407
515355,-73518.4899517505,-380463.687872538,Mesozoico,Marino,Formación Huaranguillo - Miembro Medio,0.960055649280548,0.0325605999674088
515356,-71517.7102659413,-380463.687872538,Mesozoico,Marino,Formación Huaranguillo - Miembro Medio,0.949697971343994,0.0411281633315886
515360,-63514.5915227044,-380463.687872538,Mesozoico,Marino,Formación Huaranguillo - Miembro Superior,0.872048914432526,0.0691393825652722
516057,-61513.8118368952,-382463.223327768,Mesozoico,Marino,Formación Huaranguillo - Miembro Superior,0.891666650772095,0.0377719779820388
516058,-59513.032151086,-382463.223327768,Mesozoico,Marino,Formación Huaranguillo - Miembro Superior,0.871278285980225,0.0340261608618749
516739,-89524.7274382243,-384462.758782998,Mesozoico,Marino,Formación Huaranguillo - Miembro Medio,0.877827405929565,0.010101988911921
516754,-59513.032151086,-384462.758782998,Mesozoico,Marino,Formación Huaranguillo - Miembro Superior,0.880410611629486,0.0282429780554179
516938,308630.430037811,-384462.758782998,Cenozoico,Continental,Formación San Sebastián,0.91348534822464,0.0758049942167852
517435,-89524.7274382243,-386462.294238228,Mesozoico,Marino,Formación Huaranguillo - Miembro Medio,0.886004865169525,0.0057916214559417
517449,-61513.8118368952,-386462.294238228,Mesozoico,Marino,Formación Huaranguillo - Miembro Superior,0.927020668983459,0.0111568530110203
518136,-79520.8290091782,-388461.829693458,Mesozoico,Marino,Formación Huaranguillo - Miembro Medio,0.906540215015411,0.0109202723530789
518837,-69516.9305801321,-390461.365148688,Mesozoico,Marino,Formación Huaranguillo - Miembro Medio,0.915943562984467,0.0518436578566779
519557,-21498.2181207107,-392460.900603919,Cenozoico,Continental,Depósito coluvial,0.879409849643707,0.0357844024327106
519629,122557.919257553,-392460.900603919,Mesozoico,Continental,Grupo Mitu - Miembro Sedimentario,0.874452412128449,0.0501489558945203
519692,248607.039463534,-392460.900603919,Cenozoico,Continental,Depósito aluvial,0.937054455280304,0.0450772069115882
519734,332639.786267522,-392460.900603919,Cenozoico,Continental,Formación San Sebastián,0.87359231710434,0.0455438314963038
519735,334640.565953331,-392460.900603919,Cenozoico,Continental,Depósito aluvial,0.948520720005035,0.076282425884629
520308,88544.6645987965,-394460.436059149,Cenozoico,Continental,Depósito aluvial,0.90509831905365,0.0681374969516519
520427,326637.447210094,-394460.436059149,Cenozoico,Continental,Formación San Sebastián,0.934387981891632,0.0477968619779101
520433,338642.125324949,-394460.436059149,Cenozoico,Continental,Depósito aluvial,0.938642859458923,0.0881202292678357
523054,12515.0365380461,-402458.577880069,Cenozoico,Continental,Depósito aluvial,0.884613275527954,0.0362694848656888
523224,352647.583125614,-402458.577880069,Cenozoico,Continental,Depósito aluvial,0.905170738697052,0.0680338394586002
525830,-3491.20094842772,-410456.71970099,Cenozoico,Continental,Depósito coluvial,0.872998058795929,0.00673203893344649
525835,6512.6974806184,-410456.71970099,Cenozoico,Continental,Depósito aluvial,0.965842843055725,0.0542351137593925
526721,386660.837784371,-412456.25515622,Cenozoico,Continental,Depósito fluvial,0.916026890277863,0.0798996446589599
528043,246606.259777725,-416455.32606668,Cenozoico,Continental,Depósito glaciar,0.898394227027893,0.0469936209590955
530683,-41506.014978803,-424453.467887601,Mesozoico,Continental,Grupo Casma - Formación Copara,0.904612839221954,0.0793177100639114
531423,46528.2911968029,-426453.003342831,Cenozoico,Continental,Depósito aluvial,0.974094212055206,0.0883891533757082
532071,-49509.1337220398,-428452.538798061,Mesozoico,Continental,Grupo Casma - Formación Copara,0.94018679857254,0.086999081474634
532187,182581.30983183,-428452.538798061,Cenozoico,Sin dato,Sin denominación,0.882969439029694,0.0691917623698331
532242,292624.192551337,-428452.538798061,Cenozoico,Continental,Depósito aluvial,0.887736916542053,0.0627049865918566
533462,-51509.9134078491,-432451.609708522,Mesozoico,Continental,Grupo Casma - Formación Copara,0.906489133834839,0.0518183593206564
533535,94547.0036562242,-432451.609708522,Cenozoico,Continental,Depósito glaciar,0.923631906509399,0.0182588532337747
534232,96547.7833420334,-434451.145163752,Cenozoico,Continental,Depósito glaciar,0.926911532878876,0.0441406116506267
534270,172577.411402784,-434451.145163752,Cenozoico,Continental,Depósito glaciar,0.874091684818268,0.0388541914190365
534898,36524.3927677567,-436450.680618982,Cenozoico,Continental,Depósito aluvial,0.967135429382324,0.00963035356420818
534901,42526.7318251844,-436450.680618982,Cenozoico,Continental,Depósito aluvial,0.976542234420776,0.0836027304899457
534926,92546.223970415,-436450.680618982,Cenozoico,Continental,Depósito glaciar,0.877769231796265,0.0416364591071573
534927,94547.0036562242,-436450.680618982,Cenozoico,Continental,Depósito glaciar,0.954709768295288,0.0833368336779571
534928,96547.7833420334,-436450.680618982,Cenozoico,Continental,Depósito glaciar,0.970597267150879,0.0776820084519213
535593,34523.6130819475,-438450.216074212,Cenozoico,Continental,Depósito glaciar,0.900147438049316,0.00290812009055108
535594,36524.3927677567,-438450.216074212,Cenozoico,Continental,Depósito glaciar,0.933252155780792,0.00968238703102399
535595,38525.172453566,-438450.216074212,Cenozoico,Continental,Depósito aluvial,0.984199643135071,0.0150134227516078
535622,92546.223970415,-438450.216074212,Cenozoico,Continental,Depósito glaciar,0.905255615711212,0.0563236931496057
535623,94547.0036562242,-438450.216074212,Cenozoico,Continental,Depósito glaciar,0.947058439254761,0.078116467951005
536319,94547.0036562242,-440449.751529442,Cenozoico,Continental,Depósito glaciar,0.899957597255707,0.0894610355829071
537203,470693.584588358,-442449.286984672,Cenozoico,Continental,Depósito aluvial,0.904312014579773,0.0565516967001749
538388,56532.189625849,-446448.357895133,Cenozoico,Continental,Depósito aluvial,0.873679339885712,0.00900163228428608
538409,98548.5630278427,-446448.357895133,Cenozoico,Continental,Depósito aluvial,0.946517527103424,0.0896960672744376
538603,486699.822074832,-446448.357895133,Cenozoico,Continental,Formación Quenamari - Miembro Yapamayo,0.889841973781586,0.0607473986958529
539819,134562.597372409,-450447.428805593,Mesozoico,Marino,Grupo Pucará - Formación Chambará,0.979870975017548,0.0666966390013322
540516,136563.377058218,-452446.964260823,Mesozoico,Marino,Grupo Pucará - Formación Aramachay,0.986655354499817,0.0710544881561735
541868,56532.189625849,-456446.035171283,Cenozoico,Continental,Depósito aluvial,0.9857337474823,0.0224847638812567
542564,56532.189625849,-458445.570626514,Cenozoico,Continental,Depósito aluvial,0.977097272872925,0.0241582090594444
542570,68536.8677407043,-458445.570626514,Cenozoico,Continental,Depósito aluvial,0.920905649662018,0.0202060217643387
543946,36524.3927677567,-462444.641536974,Cenozoico,Continental,Depósito glaciar,0.907664477825165,0.0400555823841414
544061,266614.056635817,-462444.641536974,Mesozoico,Transicional,Grupo Yura - Formación Puente,0.936594426631927,0.0651648323784109
544641,34523.6130819475,-464444.176992204,Cenozoico,Continental,Depósito glaciar,0.928805589675903,0.0617842566275542
544646,44527.5115109936,-464444.176992204,Cenozoico,Continental,"Depósito glaciar, fluvial",0.951899230480194,0.00785814424373965
544649,50529.8505684213,-464444.176992204,Cenozoico,Continental,"Depósito glaciar, fluvial",0.890888869762421,0.00776374374211554
544835,422674.872128937,-464444.176992204,Cenozoico,Continental,Depósito aluvial,0.942847549915314,0.0912313590219183
545358,76539.9864839412,-466443.712447434,Cenozoico,Continental,Depósito aluvial,0.914020717144012,0.0381803539654756
546229,426676.431500555,-468443.247902664,Cenozoico,Continental,Depósito aluvial,0.961017906665802,0.0350870206050204
546923,422674.872128937,-470442.783357894,Cenozoico,Sin dato,NN,0.972595751285553,0.0891948878248497
546924,424675.651814746,-470442.783357894,Mesozoico,Continental,Formación Vilquechico,0.909748673439026,0.0797562064527286
547442,68536.8677407043,-472442.318813125,Cenozoico,Continental,Depósito fluvial,0.971014738082886,0.0233874734487515
548314,420674.092443128,-474441.854268355,Cenozoico,Continental,Depósito aluvial,0.907164454460144,0.037039163800289
548829,58532.9693116582,-476441.389723585,Cenozoico,Continental,Depósito fluvial,0.962661266326904,0.00283044272020025
548832,64535.3083690859,-476441.389723585,Cenozoico,Continental,Depósito fluvial,0.908674716949463,0.0491803958852742
548842,84543.1052271781,-476441.389723585,Cenozoico,Sin dato,Centro Volcánico Azul Pillune - Evento 1,0.887179970741272,0.00996529074485091
549039,478696.703331595,-476441.389723585,Cenozoico,Continental,Depósito aluvial,0.955199062824249,0.071617624080677
549546,100549.342713652,-478440.925178815,Cenozoico,Continental,Depósito aluvial,0.935937225818634,0.0727072323558006
549759,526715.415791016,-478440.925178815,Cenozoico,Continental,Depósito aluvial,0.930226504802704,0.0404759474692808
550235,86543.8849129873,-480440.460634045,Cenozoico,Continental,Depósito fluvial,0.951398253440857,0.0479854549912473
550236,88544.6645987965,-480440.460634045,Cenozoico,Continental,Depósito fluvial,0.947293937206268,0.0648549568154745
550242,100549.342713652,-480440.460634045,Cenozoico,Continental,Depósito aluvial,0.921919703483582,0.026240546955558
550455,526715.415791016,-480440.460634045,Cenozoico,Continental,"Depósito glaciar, fluvial",0.906955361366272,0.076870263780218
550929,82542.3255413689,-482439.996089275,Cenozoico,Continental,Depósito fluvial,0.944224119186401,0.0145752487933538
550930,84543.1052271781,-482439.996089275,Cenozoico,Continental,Depósito fluvial,0.958162248134613,0.00684521396997586
550931,86543.8849129873,-482439.996089275,Cenozoico,Continental,Depósito fluvial,0.987097144126892,0.0326945382874455
551146,516711.51736197,-482439.996089275,Cenozoico,Continental,Depósito fluvial,0.876497268676758,0.064591694404551
551613,58532.9693116582,-484439.531544506,Cenozoico,Continental,Depósito fluvial,0.947812378406525,0.014961746959549
551618,68536.8677407043,-484439.531544506,Cenozoico,Continental,Depósito aluvial,0.957835912704468,0.0932923219730991
551628,88544.6645987965,-484439.531544506,Cenozoico,Continental,Depósito aluvial,0.970356285572052,0.024064091850628
552315,70537.6474265135,-486439.066999736,Cenozoico,Sin dato,Sin denominación,0.911179661750793,0.00942966796731914
552323,86543.8849129873,-486439.066999736,Cenozoico,Continental,Depósito fluvial,0.989353537559509,0.00509553252224727
552324,88544.6645987965,-486439.066999736,Cenozoico,Continental,Depósito aluvial,0.974772810935974,0.0398056342246095
553012,72538.4271123228,-488438.602454966,Cenozoico,Sin dato,Sin denominación,0.931314408779144,0.00340714608663572
553205,458688.906473503,-488438.602454966,Cenozoico,Continental,Depósito aluvial,0.967613458633423,0.0557848213865953
553214,476695.923645786,-488438.602454966,Cenozoico,Continental,Depósito aluvial,0.935952305793762,0.0769716238511126
553215,478696.703331595,-488438.602454966,Cenozoico,Continental,Depósito aluvial,0.949537873268127,0.0713380157317957
553715,86543.8849129873,-490438.137910196,Cenozoico,Continental,"Depósito glaciar, fluvial",0.932645380496979,0.00146464474136643
553716,88544.6645987965,-490438.137910196,Cenozoico,Continental,"Depósito glaciar, fluvial",0.888708710670471,0.00171282025881455
555110,92546.223970415,-494437.208820656,Cenozoico,Sin dato,Sin denominación,0.913280844688416,0.0102291946512276
555324,520713.076733589,-494437.208820656,Cenozoico,Continental,Depósito aluvial,0.936600387096405,0.0511033485752802
555339,550724.772020727,-494437.208820656,Cenozoico,Continental,Depósito fluvial,0.983039438724518,0.0667435157200633
555340,552725.551706536,-494437.208820656,Cenozoico,Continental,Depósito aluvial,0.921185195446014,0.0762736868267077
555824,128560.258314981,-496436.744275886,Cenozoico,Continental,Depósito glaciar,0.941164553165436,0.0696407892414933
556002,484699.042389023,-496436.744275886,Cenozoico,Continental,Depósito aluvial,0.922288835048676,0.0353255894123033
556512,112554.020828507,-498436.279731117,Cenozoico,Continental,Depósito glaciar,0.942402064800262,0.0872850489373071
556520,128560.258314981,-498436.279731117,Cenozoico,Continental,Depósito glaciar,0.957081735134125,0.0317369686544118
557892,88544.6645987965,-502435.350641577,Cenozoico,Sin dato,Sin denominación,0.917387247085571,0.00961971690600542
558611,134562.597372409,-504434.886096807,Cenozoico,Continental,Depósito aluvial,0.974772810935974,0.0673191848061174
558614,140564.936429836,-504434.886096807,Cenozoico,Continental,Depósito glaciar,0.885640144348145,0.0290031870347719
559449,418673.312757318,-506434.421552037,Cenozoico,Continental,Depósito fluvial,0.955431580543518,0.0611370766838434
561562,468692.804902549,-512433.027917728,Cenozoico,Continental,Depósito aluvial,0.916045486927032,0.0777806801074994
561573,490701.38144645,-512433.027917728,Cenozoico,Continental,Depósito aluvial,0.899147570133209,0.0415367351657854
562991,542721.65327749,-516432.098828188,Mesozoico,Continental,Formación Quilcapunco,0.917501509189606,0.0774031390978384
563475,118556.359885935,-518431.634283418,Cenozoico,Sin dato,Sin denominación,0.901369154453278,0.0120074131523566
563628,424675.651814746,-518431.634283418,Cenozoico,Continental,Depósito aluvial,0.94177371263504,0.0563358987077511
563662,492702.16113226,-518431.634283418,Cenozoico,Continental,Depósito aluvial,0.875370562076569,0.0513024696219823
564813,10514.2568522368,-522430.705193878,Mesozoico,Marino,Formación Guaneros,0.896500468254089,0.0285308389007938
564866,116555.580200126,-522430.705193878,Cenozoico,Continental,Depósito aluvial,0.93818610906601,0.0291962265728048
564868,120557.139571744,-522430.705193878,Cenozoico,Continental,Depósito aluvial,0.937293291091919,0.00341614208722855
565682,356649.142497232,-524430.240649109,Cenozoico,Continental,Depósito aluvial,0.871503949165344,0.0743248647579719
566469,538720.093905872,-526429.776104339,Cenozoico,Continental,Depósito aluvial,0.888680875301361,0.08305549743386
568997,26520.4943387106,-534427.917925259,Mesozoico,Marino,Formación Guaneros,0.894791722297669,0.0614074587538753
569218,468692.804902549,-534427.917925259,Cenozoico,Continental,Depósito aluvial,0.924070239067078,0.0674922033293066
571928,320635.108152666,-542426.05974618,Cenozoico,Continental,Depósito glaciar,0.922836303710938,0.0811103428895385
573400,480697.483017404,-546425.13065664,Cenozoico,Continental,Depósito aluvial,0.87703937292099,0.0701554864363112
573461,602745.043851767,-546425.13065664,Cenozoico,Continental,Depósito aluvial,0.939828991889954,0.0769269841099513
574123,534718.534534253,-548424.66611187,Cenozoico,Continental,Depósito aluvial,0.904029309749603,0.0746824483034741
574152,592741.145422721,-548424.66611187,Cenozoico,Continental,Depósito fluvial,0.880624413490295,0.0713080850722544
574153,594741.92510853,-548424.66611187,Cenozoico,Continental,Depósito fluvial,0.882736206054688,0.0806635998181098
574853,602745.043851767,-550424.2015671,Cenozoico,Continental,Depósito aluvial,0.923223972320557,0.0849855268387033
574854,604745.823537576,-550424.2015671,Cenozoico,Continental,Depósito aluvial,0.940187513828278,0.0734712275740506
576174,460689.686159312,-554423.272477561,Cenozoico,Continental,Depósito aluvial,0.908407270908356,0.0537732568270562
580261,282620.294122291,-566420.485208942,Cenozoico,Continental,Depósito aluvial,0.905414164066315,0.0102325963428315
580418,596742.704794339,-566420.485208942,Cenozoico,Continental,Depósito aluvial,0.887317359447479,0.0567725701670824
581004,376656.939355325,-568420.020664172,Cenozoico,Continental,"Depósito glaciar, fluvial",0.913531005382538,0.0494968179571319
581005,378657.719041134,-568420.020664172,Cenozoico,Continental,"Depósito glaciar, fluvial",0.909724712371826,0.0281315128356974
581006,380658.498726943,-568420.020664172,Cenozoico,Continental,Depósito aluvial,0.970907866954803,0.0484621484351301
581116,600744.264165958,-568420.020664172,Cenozoico,Continental,Depósito aluvial,0.951372265815735,0.082422300223489
583205,602745.043851767,-574418.627029862,Cenozoico,Continental,Depósito aluvial,0.88825523853302,0.0741376962455004
585063,142565.716115646,-580417.233395553,Cenozoico,Continental,Depósito aluvial,0.934819638729095,0.0251620510047703
585760,144566.495801455,-582416.768850783,Cenozoico,Continental,Depósito aluvial,0.89504885673523,0.0506870452218499
585925,474695.143959977,-582416.768850783,Cenozoico,Continental,Depósito aluvial,0.973640382289886,0.0939911748858982
587215,270615.616007436,-586415.839761243,Cenozoico,Continental,Depósito aluvial,0.941382765769958,0.0444898569639127
589239,142565.716115646,-592414.446126934,Cenozoico,Continental,Depósito aluvial,0.945411741733551,0.0179594839176964
591379,246606.259777725,-598413.052492624,Cenozoico,Continental,Depósito fluvial,0.936563491821289,0.0778928418727212
592071,238603.141034488,-600412.587947854,Cenozoico,Continental,Depósito aluvial,0.873766720294952,0.0464531462412289
592076,248607.039463534,-600412.587947854,Cenozoico,Continental,Depósito aluvial,0.941593050956726,0.0849224586878093
592114,324636.667524285,-600412.587947854,Cenozoico,Continental,Depósito aluvial,0.971254408359528,0.0140904799674422
592766,236602.361348679,-602412.123403084,Cenozoico,Continental,Depósito aluvial,0.940228819847107,0.00697152450954425
593505,322635.887838476,-604411.658858315,Cenozoico,Continental,Depósito aluvial,0.892936527729034,0.0223411251778531
594200,320635.108152666,-606411.194313545,Cenozoico,Continental,Depósito aluvial,0.942321479320526,0.0231444811291033
597715,390662.397155989,-616408.871589695,Cenozoico,Continental,Depósito aluvial,0.893844664096832,0.0407594597112217
603281,386660.837784371,-632405.155231537,Cenozoico,Continental,Depósito aluvial,0.986118674278259,0.0391559180017853
603282,388661.61747018,-632405.155231537,Cenozoico,Continental,Depósito aluvial,0.968585610389709,0.0679591695555909
604026,484699.042389023,-634404.690686767,Cenozoico,Continental,Depósito aluvial,0.877431392669678,0.0709944737886915
604554,148568.055173073,-636404.226141997,Mesozoico,Continental,Formación Río Grande - Miembro 5,0.883584558963776,0.044929890379288
605917,90545.4442846058,-640403.297052457,Mesozoico,Continental,Formación Río Grande - Miembro 4,0.883744895458221,0.0837121897888509
605942,140564.936429836,-640403.297052457,Mesozoico,Continental,Formación Río Grande - Miembro 5,0.946250379085541,0.00747009828721301
605943,142565.716115646,-640403.297052457,Mesozoico,Continental,Formación Río Grande - Miembro 5,0.91338062286377,0.0116949968195685
605946,148568.055173073,-640403.297052457,Mesozoico,Continental,Formación Río Grande - Miembro 5,0.930972754955292,0.038760594683377
605947,150568.834858882,-640403.297052457,Mesozoico,Continental,Formación Río Grande - Miembro 5,0.870839715003967,0.071814285148389
606619,102550.122399461,-642402.832507687,Mesozoico,Continental,Formación Río Grande - Miembro 4,0.941999077796936,0.0715091870175515
606640,144566.495801455,-642402.832507687,Mesozoico,Continental,Formación Río Grande - Miembro 5,0.92245751619339,0.0163410846094443
606641,146567.275487264,-642402.832507687,Mesozoico,Continental,Formación Río Grande - Miembro 5,0.89423942565918,0.00371289646192829
606809,482698.262703214,-642402.832507687,Cenozoico,Continental,Depósito aluvial,0.921414077281952,0.0725851297768918
607336,144566.495801455,-644402.367962918,Mesozoico,Continental,Formación Río Grande - Miembro 4,0.900842666625977,0.0277835056480117
608730,148568.055173073,-648401.438873378,Mesozoico,Continental,Formación Río Grande - Miembro 4,0.90001118183136,0.0685667235456551
609493,282620.294122291,-650400.974328608,Mesozoico,Transicional,Grupo Yura - Formación Puente,0.881537914276123,0.0309080428910982
610912,336641.34563914,-654400.045239068,Cenozoico,Continental,Depósito fluvial,0.913894832134247,0.0926334201931538
610914,340642.905010759,-654400.045239068,Cenozoico,Continental,Depósito aluvial,0.958715617656708,0.0725520643348682
610999,510709.178304543,-654400.045239068,Cenozoico,Continental,Depósito aluvial,0.880169093608856,0.00439415063033058
611609,338642.125324949,-656399.580694298,Cenozoico,Continental,Depósito aluvial,0.880326569080353,0.0869943488939415
611685,490701.38144645,-656399.580694298,Cenozoico,Continental,Depósito aluvial,0.917143881320953,0.0310502872824811
611694,508708.398618733,-656399.580694298,Cenozoico,Continental,Depósito aluvial,0.978171944618225,0.000795391249870655
612388,504706.839247115,-658399.116149529,Cenozoico,Continental,Depósito aluvial,0.939894139766693,0.000634981627516467
613075,486699.822074832,-660398.651604759,Cenozoico,Continental,Depósito aluvial,0.90684312582016,0.0220532942177633
613085,506707.618932924,-660398.651604759,Cenozoico,Continental,Depósito aluvial,0.987835228443146,0.00204169220630241
613678,300627.311294574,-662398.187059989,Mesozoico,Marino,Formación Socosani,0.912828087806702,0.0903378914037932
613780,504706.839247115,-662398.187059989,Cenozoico,Continental,Depósito aluvial,0.908556342124939,0.000583344935320239
613781,506707.618932924,-662398.187059989,Cenozoico,Continental,Depósito aluvial,0.975250005722046,0.00146920380718001
613782,508708.398618733,-662398.187059989,Cenozoico,Continental,Depósito aluvial,0.97316586971283,0.0010762285155773
613785,514710.737676161,-662398.187059989,Cenozoico,Continental,Depósito aluvial,0.950321853160858,0.000629504262310972
613788,520713.076733589,-662398.187059989,Cenozoico,Continental,Depósito aluvial,0.954905807971954,0.00355056488313193
614375,302628.090980383,-664397.722515219,Cenozoico,Continental,Depósito aluvial,0.912999927997589,0.0510492130006736
615874,516711.51736197,-668396.793425679,Cenozoico,Continental,Depósito glaciar,0.870787084102631,0.00331471040132839
616571,518712.29704778,-670396.328880909,Cenozoico,Continental,Depósito aluvial,0.980820536613464,0.0082638333649472
617171,326637.447210094,-672395.86433614,Mesozoico,Transicional,Grupo Yura - Formación Puente,0.895831644535065,0.0841850643969027
617891,374656.159669515,-674395.39979137,Cenozoico,Continental,Depósito aluvial,0.91906726360321,0.0370148799249524
619356,520713.076733589,-678394.47070183,Cenozoico,Continental,Depósito aluvial,0.905079305171967,0.0797718528846639
619357,522713.856419398,-678394.47070183,Cenozoico,Continental,Depósito aluvial,0.90025931596756,0.0900776196300213
620007,430677.990872174,-680394.00615706,Cenozoico,Continental,Depósito aluvial,0.953127861022949,0.0942569455873208
620009,434679.550243792,-680394.00615706,Cenozoico,Continental,Depósito aluvial,0.931374490261078,0.0891567578144223
622778,404667.854956654,-688392.147977981,Cenozoico,Continental,Depósito aluvial,0.892277359962463,0.00507923711327708
622837,522713.856419398,-688392.147977981,Cenozoico,Continental,Depósito aluvial,0.904101312160492,0.0466636441420298
622838,524714.636105207,-688392.147977981,Cenozoico,Continental,Depósito aluvial,0.887264728546143,0.0610734516269164
623483,422674.872128937,-690391.683433211,Cenozoico,Continental,Depósito aluvial,0.872033298015595,0.0570243194341015
626314,516711.51736197,-698389.825254132,Cenozoico,Continental,Depósito aluvial,0.934415519237518,0.00751647597833474
628419,550724.772020727,-704388.431619822,Cenozoico,Continental,Depósito aluvial,0.903488397598267,0.0652840345233186
629808,544722.432963299,-708387.502530282,Cenozoico,Continental,Depósito aluvial,0.970850884914398,0.0145880299684148
629811,550724.772020727,-708387.502530282,Cenozoico,Continental,Depósito aluvial,0.975989460945129,0.0715151231493252
630424,384660.058098562,-710387.037985512,Cenozoico,Continental,Depósito aluvial,0.948030710220337,0.0583545412998692
630510,556727.111078155,-710387.037985512,Cenozoico,Continental,Depósito aluvial,0.894161820411682,0.0320504023780868
633264,496703.720503878,-718385.179806433,Cenozoico,Continental,Depósito aluvial,0.960515141487122,0.00955715645384225
633317,602745.043851767,-718385.179806433,Cenozoico,Continental,Depósito aluvial,0.890752673149109,0.0121735726407137
633960,496703.720503878,-720384.715261663,Cenozoico,Continental,Depósito aluvial,0.885454297065735,0.00563989567607524
634669,522713.856419398,-722384.250716893,Cenozoico,Continental,"Depósito glaciar, fluvial",0.885733366012573,0.0745804190235603
634673,530716.975162635,-722384.250716893,Cenozoico,Continental,Depósito aluvial,0.964668989181519,0.0551190072070338
634674,532717.754848444,-722384.250716893,Cenozoico,Continental,Depósito aluvial,0.896306693553925,0.0182213730408262
635366,524714.636105207,-724383.786172124,Cenozoico,Continental,Depósito fluvial,0.973452568054199,0.068348738574896
636062,524714.636105207,-726383.321627354,Cenozoico,Continental,Depósito fluvial,0.952521800994873,0.0278954574885291
636694,396664.736213417,-728382.857082584,Cenozoico,Continental,Depósito aluvial,0.910869896411896,0.0491193943362206
636697,402667.075270845,-728382.857082584,Cenozoico,Continental,Depósito aluvial,0.908316016197205,0.0235808413913173
636746,500705.279875497,-728382.857082584,Cenozoico,Continental,Depósito aluvial,0.958880960941315,0.00852237783855026
637441,498704.500189687,-730382.392537814,Cenozoico,Continental,Depósito aluvial,0.955949068069458,0.0185414008533917
637442,500705.279875497,-730382.392537814,Cenozoico,Continental,Depósito aluvial,0.887668192386627,0.0532493230351301
638139,502706.059561306,-732381.927993044,Cenozoico,Continental,Depósito aluvial,0.915597200393677,0.0936341573705745
640221,490701.38144645,-738380.534358734,Cenozoico,Continental,Depósito fluvial,0.931481003761292,0.00931181572174299
640968,592741.145422721,-740380.069813965,Cenozoico,Sin dato,Depósito aluvial,0.953428685665131,0.029699228722161
643004,488700.601760641,-746378.676179655,Cenozoico,Continental,Depósito aluvial,0.880727767944336,0.0742675620247796
643053,586738.806365293,-746378.676179655,Cenozoico,Continental,Depósito aluvial,0.924571633338928,0.0340075167839357
645147,598743.484480148,-752377.282545346,Cenozoico,Sin dato,Depósito aluvial,0.938230574131012,0.0063655194137093
647828,392663.176841798,-760375.424366266,Mesozoico,Transicional,Grupo Yura - Formación Puente,0.92090779542923,0.0302865061763907
647853,442682.668987029,-760375.424366266,Mesozoico,Continental,Grupo Toquepala - Formación Huaracane - Miembro 1,0.871020078659058,0.0838411716088452
649319,590740.365736912,-764374.495276726,Cenozoico,Sin dato,Depósito aluvial,0.925528824329376,0.076622909589722
649913,386660.837784371,-766374.030731957,Mesozoico,Continental,Formación Guaneros - Miembro Superior,0.87766033411026,0.0133327531739899
650005,570732.568878819,-766374.030731957,Cenozoico,Continental,Depósito aluvial,0.934636533260345,0.014144284670713
650604,376656.939355325,-768373.566187187,Mesozoico,Continental,Formación Guaneros - Miembro Superior,0.876994371414185,0.00666311140063759
650605,378657.719041134,-768373.566187187,Mesozoico,Continental,Formación Guaneros - Miembro Superior,0.882228255271912,0.003565559006324
650699,566731.009507201,-768373.566187187,Cenozoico,Continental,Depósito aluvial,0.926306009292603,0.00601283094803288
652083,550724.772020727,-772372.637097647,Cenozoico,Continental,Depósito aluvial,0.942004978656769,0.0719156347272709
652085,554726.331392346,-772372.637097647,Cenozoico,Continental,Depósito aluvial,0.919911444187164,0.0320280775626859
653485,570732.568878819,-776371.708008107,Cenozoico,Continental,Depósito aluvial,0.950360596179962,0.0235023435902938
653486,572733.348564629,-776371.708008107,Cenozoico,Continental,Depósito aluvial,0.989067494869232,0.0612913981763855
654112,432678.770557983,-778371.243463338,Mesozoico,Continental,Grupo Toquepala - Formación Huaracane - Miembro 6,0.941261470317841,0.0417314733569434
654196,600744.264165958,-778371.243463338,Cenozoico,Continental,Depósito aluvial,0.945427417755127,0.0567372934511964
654809,434679.550243792,-780370.778918568,Mesozoico,Continental,Grupo Toquepala - Formación Huaracane - Miembro 6,0.904652953147888,0.041582277407454
658287,430677.990872174,-790368.456194718,Mesozoico,Continental,Grupo Toquepala - Formación Huaracane - Miembro 3,0.889928996562958,0.0657039254534894
659061,586738.806365293,-792367.991649949,Cenozoico,Continental,Depósito aluvial,0.875080764293671,0.0472215171676337
659709,490701.38144645,-794367.527105179,Cenozoico,Continental,Depósito aluvial,0.959275364875793,0.0507724181142995
659752,576734.907936247,-794367.527105179,Cenozoico,Continental,"Depósito glaciar, fluvial",0.931683599948883,0.0700447225204871
661836,568731.78919301,-800366.133470869,Cenozoico,Continental,"Depósito glaciar, fluvial",0.886905550956726,0.0935335922619593
663220,552725.551706536,-804365.204381329,Cenozoico,Continental,Depósito aluvial,0.900061190128326,0.00564128770399618
663221,554726.331392346,-804365.204381329,Cenozoico,Continental,Depósito aluvial,0.896460711956024,0.0266632472998691
663915,550724.772020727,-806364.73983656,Cenozoico,Continental,Depósito aluvial,0.9736687541008,0.0605085237294465
664611,550724.772020727,-808364.27529179,Cenozoico,Continental,Depósito aluvial,0.903510689735413,0.0606227590685486
665308,552725.551706536,-810363.81074702,Cenozoico,Continental,Depósito aluvial,0.88512647151947,0.0680113275273604
666702,556727.111078155,-814362.88165748,Cenozoico,Continental,Depósito aluvial,0.884231448173523,0.0723917282992364
666710,572733.348564629,-814362.88165748,Cenozoico,Continental,"Depósito glaciar, fluvial",0.881014168262482,0.0166324532003643
668009,386660.837784371,-818361.952567941,Mesozoico,Continental,Formación Guaneros - Miembro Inferior,0.954940736293793,0.0108311082224663
668027,422674.872128937,-818361.952567941,Mesozoico,Continental,Formación Guaneros - Miembro Superior,0.909564793109894,0.00311076778669706
668096,560728.670449773,-818361.952567941,Cenozoico,Continental,Depósito aluvial,0.931533873081207,0.0924854772878108
668108,584738.026679484,-818361.952567941,Cenozoico,Sin dato,NN,0.871076345443726,0.00187047652346333
669416,416672.533071509,-822361.023478401,Mesozoico,Continental,Formación Guaneros - Miembro Superior,0.878400802612305,0.00500371339671663
677819,518712.29704778,-846355.448941163,Mesozoico,Marino,Formación Socosani,0.933775663375854,0.0822201363092161
677842,564730.229821392,-846355.448941163,Cenozoico,Continental,Depósito fluvial,0.911844193935394,0.0750535837801029
678515,518712.29704778,-848354.984396393,Mesozoico,Marino,Formación Socosani,0.924140572547913,0.0621145588373952
678541,570732.568878819,-848354.984396393,Cenozoico,Sin dato,NN,0.929466068744659,0.0112334173967653
679211,518712.29704778,-850354.519851623,Mesozoico,Marino,Formación Socosani,0.893638134002686,0.0611571566563986
679236,568731.78919301,-850354.519851623,Cenozoico,Sin dato,NN,0.907133102416992,0.0645434905391093
683330,404667.854956654,-862351.732583004,Cenozoico,Marino,Depósito marino,0.876993000507355,0.0299568343147663
