celda,x,y,era,amb,uni,prosp_media
130905,-589719.64889053,723279.883414505,Cenozoico,Continental,Depósito fluvial,0.893892967700958
131600,-591720.428576339,721280.347959275,Cenozoico,Marino,Depósito marino,0.953930163383484
131605,-581716.530147293,721280.347959275,Cenozoico,Marino,Depósito marino,0.954369008541107
132295,-593721.208262148,719280.812504045,Cenozoico,Marino,Depósito marino,0.955194807052612
133685,-597722.767633767,715281.741593585,Cenozoico,Marino,Depósito marino,0.962455666065216
134375,-609727.445748622,713282.206138354,Cenozoico,Marino,Depósito marino,0.951410067081451
134376,-607726.666062813,713282.206138354,Cenozoico,Marino,Depósito marino,0.953930163383484
134377,-605725.886377004,713282.206138354,Cenozoico,Marino,Depósito marino,0.951410067081451
134378,-603725.106691195,713282.206138354,Cenozoico,Marino,Depósito marino,0.954859483242035
134379,-601724.327005385,713282.206138354,Cenozoico,Marino,Depósito marino,0.951410067081451
135765,-613729.005120241,709283.135227894,Cenozoico,Marino,Depósito marino,0.962086725234985
136461,-613729.005120241,707283.599772664,Cenozoico,Marino,Depósito marino,0.949398910999298
137156,-615729.78480605,705284.064317434,Cenozoico,Marino,Depósito marino,0.955432987213135
138547,-617730.564491859,701284.993406973,Cenozoico,Marino,Depósito marino,0.957372307777405
138550,-611728.225434432,701284.993406973,Cenozoico,Transicional,Formación Tumbes,0.913827884197235
139242,-619731.344177668,699285.457951743,Cenozoico,Transicional,Formación Tumbes,0.910800552368164
139246,-611728.225434432,699285.457951743,Cenozoico,Transicional,Formación Zorritos,0.981689989566803
139247,-609727.445748622,699285.457951743,Cenozoico,Transicional,Formación Zorritos,0.977918207645416
139248,-607726.666062813,699285.457951743,Cenozoico,Transicional,Formación Zorritos,0.976816141605377
139251,-601724.327005385,699285.457951743,Cenozoico,Transicional,Formación Zorritos,0.977999937534332
139252,-599723.547319576,699285.457951743,Cenozoico,Transicional,Formación Zorritos,0.967434823513031
139936,-623732.903549287,697285.922496513,Cenozoico,Transicional,Formación Zorritos,0.984265065193176
139937,-621732.123863478,697285.922496513,Cenozoico,Transicional,Formación Zorritos,0.979002749919891
139938,-619731.344177668,697285.922496513,Cenozoico,Transicional,Formación Zorritos,0.981032955646515
139939,-617730.564491859,697285.922496513,Cenozoico,Transicional,Formación Zorritos,0.975187265872955
139940,-615729.78480605,697285.922496513,Cenozoico,Transicional,Formación Zorritos,0.970126903057098
139941,-613729.005120241,697285.922496513,Cenozoico,Transicional,Formación Zorritos,0.972983026504517
139942,-611728.225434432,697285.922496513,Cenozoico,Transicional,Formación Zorritos,0.975721180438995
139944,-607726.666062813,697285.922496513,Cenozoico,Transicional,Formación Tumbes,0.912968194484711
140630,-627734.462920905,695286.387041283,Cenozoico,Transicional,Formación Zorritos,0.98245040178299
140631,-625733.683235096,695286.387041283,Cenozoico,Transicional,Formación Zorritos,0.983602428436279
140632,-623732.903549287,695286.387041283,Cenozoico,Transicional,Formación Zorritos,0.97964129447937
140633,-621732.123863478,695286.387041283,Cenozoico,Marino,Formación Heath,0.967632448673248
140634,-619731.344177668,695286.387041283,Cenozoico,Transicional,Formación Zorritos,0.975498247146606
140635,-617730.564491859,695286.387041283,Cenozoico,Transicional,Formación Zorritos,0.972015917301178
140636,-615729.78480605,695286.387041283,Cenozoico,Transicional,Formación Zorritos,0.967773580551147
140640,-607726.666062813,695286.387041283,Cenozoico,Transicional,Formación Tumbes,0.918788194656372
141324,-631736.022292524,693286.851586053,Cenozoico,Marino,Formación Heath,0.974499869346619
141325,-629735.242606715,693286.851586053,Cenozoico,Transicional,Formación Zorritos,0.980945312976837
141326,-627734.462920905,693286.851586053,Cenozoico,Transicional,Formación Zorritos,0.97868264913559
141327,-625733.683235096,693286.851586053,Cenozoico,Transicional,Formación Zorritos,0.983419322967529
141336,-607726.666062813,693286.851586053,Cenozoico,Transicional,Formación Tumbes,0.920830881595612
142018,-635737.581664142,691287.316130823,Cenozoico,Transicional,Formación Zorritos,0.974446415901184
142019,-633736.801978333,691287.316130823,Cenozoico,Transicional,Formación Zorritos,0.985772967338562
142020,-631736.022292524,691287.316130823,Cenozoico,Transicional,Formación Zorritos,0.975417840480804
142021,-629735.242606715,691287.316130823,Cenozoico,Transicional,Formación Zorritos,0.979971444606781
142022,-627734.462920905,691287.316130823,Cenozoico,Marino,Formación Heath,0.948568367958069
142025,-621732.123863478,691287.316130823,Cenozoico,Marino,Formación Cardalitos,0.962564480304718
142031,-609727.445748622,691287.316130823,Cenozoico,Transicional,Formación Zorritos,0.967420482635498
142032,-607726.666062813,691287.316130823,Cenozoico,Transicional,Formación Zorritos,0.981882858276367
142034,-603725.106691195,691287.316130823,Cenozoico,Transicional,Formación Zorritos,0.976288866996765
142712,-639739.141035761,689287.780675593,Cenozoico,Transicional,Formación Zorritos,0.983489954471588
142715,-633736.801978333,689287.780675593,Cenozoico,Marino,Formación Heath,0.963413977622986
142716,-631736.022292524,689287.780675593,Cenozoico,Marino,Formación Heath,0.974393224716187
142718,-627734.462920905,689287.780675593,Cenozoico,Marino,Formación Cardalitos,0.980112540721893
142724,-615729.78480605,689287.780675593,Cenozoico,Marino,Formación Cardalitos,0.966175055503845
142725,-613729.005120241,689287.780675593,Cenozoico,Transicional,Formación Zorritos,0.965887725353241
142726,-611728.225434432,689287.780675593,Cenozoico,Transicional,Formación Zorritos,0.95397777557373
142727,-609727.445748622,689287.780675593,Cenozoico,Transicional,Formación Zorritos,0.965133535861969
142728,-607726.666062813,689287.780675593,Cenozoico,Marino,Formación Heath,0.965879237651825
142730,-603725.106691195,689287.780675593,Cenozoico,Marino,Formación Heath,0.946246290206909
143408,-639739.141035761,687288.245220362,Cenozoico,Marino,Formación Heath,0.974564123153687
143409,-637738.361349951,687288.245220362,Cenozoico,Transicional,Formación Zorritos,0.978191900253296
143410,-635737.581664142,687288.245220362,Cenozoico,Transicional,Formación Zorritos,0.976651179790497
143412,-631736.022292524,687288.245220362,Cenozoico,Transicional,Formación Zorritos,0.984447777271271
143413,-629735.242606715,687288.245220362,Cenozoico,Marino,Formación Cardalitos,0.973957788944244
143414,-627734.462920905,687288.245220362,Cenozoico,Marino,Formación Cardalitos,0.98039174079895
143415,-625733.683235096,687288.245220362,Cenozoico,Transicional,Formación Zorritos,0.973070669174194
143416,-623732.903549287,687288.245220362,Cenozoico,Transicional,Formación Zorritos,0.964998996257782
143417,-621732.123863478,687288.245220362,Cenozoico,Marino,Formación Heath,0.926033186912537
143418,-619731.344177668,687288.245220362,Cenozoico,Marino,Formación Heath,0.960083913803101
143419,-617730.564491859,687288.245220362,Cenozoico,Transicional,Formación Zorritos,0.96851578950882
143420,-615729.78480605,687288.245220362,Cenozoico,Marino,Formación Heath,0.962762451171875
143422,-611728.225434432,687288.245220362,Cenozoico,Marino,Formación Heath,0.959544658660889
143423,-609727.445748622,687288.245220362,Cenozoico,Marino,Formación Heath,0.943175899982452
143424,-607726.666062813,687288.245220362,Cenozoico,Marino,Formación Heath,0.963245975971222
143426,-603725.106691195,687288.245220362,Cenozoico,Marino,Formación Heath,0.946211385726929
144102,-643740.700407379,685288.709765132,Cenozoico,Marino,Depósito marino,0.957503318786621
144103,-641739.92072157,685288.709765132,Cenozoico,Transicional,Formación Zorritos,0.978146874904633
144104,-639739.141035761,685288.709765132,Cenozoico,Marino,Formación Cardalitos,0.963458371162415
144105,-637738.361349951,685288.709765132,Cenozoico,Marino,Formación Cardalitos,0.981525480747223
144106,-635737.581664142,685288.709765132,Cenozoico,Transicional,Formación Zorritos,0.97532616853714
144107,-633736.801978333,685288.709765132,Cenozoico,Marino,Formación Heath,0.974359107017517
144108,-631736.022292524,685288.709765132,Cenozoico,Marino,Formación Heath,0.971944582462311
144109,-629735.242606715,685288.709765132,Cenozoico,Marino,Formación Heath,0.96259605884552
144110,-627734.462920905,685288.709765132,Cenozoico,Marino,Formación Heath,0.968859124183655
144111,-625733.683235096,685288.709765132,Cenozoico,Marino,Formación Heath,0.967249464988708
144112,-623732.903549287,685288.709765132,Cenozoico,Marino,Formación Heath,0.955783808231354
144113,-621732.123863478,685288.709765132,Cenozoico,Marino,Formación Heath,0.961559963226318
144119,-609727.445748622,685288.709765132,Cenozoico,Marino,Formación Heath,0.962484812736511
144120,-607726.666062813,685288.709765132,Cenozoico,Marino,Formación Heath,0.966828739643097
144121,-605725.886377004,685288.709765132,Cenozoico,Marino,Formación Heath,0.943196094036102
144798,-643740.700407379,683289.174309902,Cenozoico,Marino,Formación Cardalitos,0.97900116443634
144799,-641739.92072157,683289.174309902,Cenozoico,Marino,Formación Cardalitos,0.969210278987885
144800,-639739.141035761,683289.174309902,Cenozoico,Marino,Formación Cardalitos,0.974405932426453
144801,-637738.361349951,683289.174309902,Cenozoico,Marino,Formación Cardalitos,0.975064980983734
144805,-629735.242606715,683289.174309902,Cenozoico,Marino,Formación Heath,0.967530632019043
144806,-627734.462920905,683289.174309902,Cenozoico,Marino,Formación Heath,0.946820569038391
144807,-625733.683235096,683289.174309902,Cenozoico,Marino,Formación Heath,0.950322961807251
144814,-611728.225434432,683289.174309902,Cenozoico,Marino,Formación Máncora,0.951098299026489
144815,-609727.445748622,683289.174309902,Cenozoico,Marino,Formación Máncora,0.935372507572174
144816,-607726.666062813,683289.174309902,Cenozoico,Continental,Formación Salinas,0.929651153087616
145494,-643740.700407379,681289.638854672,Cenozoico,Marino,Formación Cardalitos,0.967880606651306
145496,-639739.141035761,681289.638854672,Cenozoico,Marino,Formación Cardalitos,0.976342511177063
145497,-637738.361349951,681289.638854672,Cenozoico,Marino,Formación Heath,0.962464725971222
145498,-635737.581664142,681289.638854672,Cenozoico,Marino,Formación Heath,0.972911179065704
145500,-631736.022292524,681289.638854672,Cenozoico,Marino,Formación Heath,0.969895887374878
145501,-629735.242606715,681289.638854672,Cenozoico,Marino,Formación Heath,0.950023436546326
145502,-627734.462920905,681289.638854672,Cenozoico,Marino,Formación Heath,0.961365687847137
145504,-623732.903549287,681289.638854672,Cenozoico,Marino,Formación Heath,0.94842621088028
145509,-613729.005120241,681289.638854672,Cenozoico,Marino,Grupo Talara,0.950138819217682
145510,-611728.225434432,681289.638854672,Cenozoico,Marino,Grupo Talara,0.981314551830292
146190,-643740.700407379,679290.103399442,Cenozoico,Marino,Formación Cardalitos,0.960947632789612
146191,-641739.92072157,679290.103399442,Cenozoico,Marino,Formación Cardalitos,0.977845633029938
146193,-637738.361349951,679290.103399442,Cenozoico,Marino,Formación Heath,0.963612818717957
146194,-635737.581664142,679290.103399442,Cenozoico,Marino,Formación Heath,0.961527585983276
146195,-633736.801978333,679290.103399442,Cenozoico,Marino,Formación Heath,0.964347279071808
146196,-631736.022292524,679290.103399442,Cenozoico,Marino,Formación Heath,0.972314500808716
146197,-629735.242606715,679290.103399442,Cenozoico,Marino,Formación Heath,0.965419507026672
146202,-619731.344177668,679290.103399442,Cenozoico,Marino,Grupo Talara,0.954924213886261
146203,-617730.564491859,679290.103399442,Cenozoico,Marino,Grupo Talara,0.950538563728333
146204,-615729.78480605,679290.103399442,Cenozoico,Marino,Grupo Talara,0.951616179943085
146205,-613729.005120241,679290.103399442,Cenozoico,Marino,Grupo Talara,0.97022989988327
146206,-611728.225434432,679290.103399442,Cenozoico,Marino,Grupo Talara,0.962826204299927
146886,-643740.700407379,677290.567944212,Cenozoico,Transicional,Formación Zorritos,0.977759563922882
146887,-641739.92072157,677290.567944212,Cenozoico,Marino,Formación Heath,0.967787742614746
146888,-639739.141035761,677290.567944212,Cenozoico,Marino,Formación Heath,0.970941185951233
146889,-637738.361349951,677290.567944212,Cenozoico,Marino,Formación Heath,0.950965523719788
146890,-635737.581664142,677290.567944212,Cenozoico,Marino,Formación Heath,0.943273413181305
146891,-633736.801978333,677290.567944212,Cenozoico,Marino,Formación Máncora,0.950874042510986
146893,-629735.242606715,677290.567944212,Cenozoico,Marino,Formación Máncora,0.927742624282837
147580,-647742.259778998,675291.032488982,Cenozoico,Marino,Depósito marino,0.956829333305359
147581,-645741.480093188,675291.032488982,Cenozoico,Marino,Formación Cardalitos,0.967539751529694
147582,-643740.700407379,675291.032488982,Cenozoico,Marino,Formación Heath,0.970108640193939
147591,-625733.683235096,675291.032488982,Cenozoico,Marino,Grupo Talara,0.951738393306732
147592,-623732.903549287,675291.032488982,Cenozoico,Marino,Grupo Talara,0.931229412555695
148276,-647742.259778998,673291.497033751,Cenozoico,Marino,Formación Heath,0.972000110149384
148277,-645741.480093188,673291.497033751,Cenozoico,Marino,Formación Heath,0.974175000190735
148278,-643740.700407379,673291.497033751,Cenozoico,Marino,Formación Máncora,0.939205086231232
148283,-633736.801978333,673291.497033751,Cenozoico,Marino,Grupo Talara,0.960946953296661
148284,-631736.022292524,673291.497033751,Cenozoico,Marino,Grupo Talara,0.967622089385986
148285,-629735.242606715,673291.497033751,Cenozoico,Marino,Grupo Talara,0.97490508556366
148287,-625733.683235096,673291.497033751,Cenozoico,Marino,Grupo Talara,0.957564079761505
148972,-647742.259778998,671291.961578521,Cenozoico,Marino,Formación Máncora,0.970110261440277
148973,-645741.480093188,671291.961578521,Cenozoico,Marino,Grupo Talara,0.980029678344727
148974,-643740.700407379,671291.961578521,Cenozoico,Marino,Grupo Talara,0.966610598564148
148975,-641739.92072157,671291.961578521,Cenozoico,Marino,Grupo Talara,0.969264662265778
148976,-639739.141035761,671291.961578521,Cenozoico,Marino,Grupo Talara,0.953489649295807
148978,-635737.581664142,671291.961578521,Cenozoico,Marino,Grupo Talara,0.947172725200653
148979,-633736.801978333,671291.961578521,Cenozoico,Marino,Grupo Talara,0.968756997585297
148980,-631736.022292524,671291.961578521,Cenozoico,Marino,Grupo Talara,0.943228852748871
148983,-625733.683235096,671291.961578521,Cenozoico,Marino,Grupo Talara,0.963633859157562
148985,-621732.123863478,671291.961578521,Cenozoico,Marino,Grupo Talara,0.956242740154266
148986,-619731.344177668,671291.961578521,Cenozoico,Marino,Grupo Talara,0.955659890174866
149666,-651743.819150616,669292.426123291,Cenozoico,Marino,Formación Máncora,0.966489171981812
149667,-649743.039464807,669292.426123291,Cenozoico,Transicional,Formación Verdún,0.954408669471741
149668,-647742.259778998,669292.426123291,Cenozoico,Marino,Grupo Talara,0.979142022132874
149669,-645741.480093188,669292.426123291,Cenozoico,Marino,Grupo Talara,0.974836301803589
149670,-643740.700407379,669292.426123291,Cenozoico,Marino,Grupo Talara,0.956363654136658
149671,-641739.92072157,669292.426123291,Cenozoico,Marino,Grupo Talara,0.951082527637482
149672,-639739.141035761,669292.426123291,Cenozoico,Marino,Grupo Talara,0.964368808269501
149673,-637738.361349951,669292.426123291,Cenozoico,Marino,Grupo Talara,0.952197730541229
149674,-635737.581664142,669292.426123291,Cenozoico,Marino,Grupo Talara,0.946497440338135
149675,-633736.801978333,669292.426123291,Cenozoico,Marino,Grupo Talara,0.933944439888
149681,-621732.123863478,669292.426123291,Cenozoico,Marino,Grupo Talara,0.949380695819855
149705,-573713.411404056,669292.426123291,Mesozoico,Marino,Grupo Copa Sombrero - Formación Huasimal - Miembro Venados,0.888416564464569
150361,-653744.598836425,667292.890668061,Cenozoico,Marino,Formación Máncora,0.962241339683533
150362,-651743.819150616,667292.890668061,Cenozoico,Transicional,Formación Verdún,0.954764127731323
150363,-649743.039464807,667292.890668061,Cenozoico,Marino,Grupo Talara,0.976350343227386
150364,-647742.259778998,667292.890668061,Cenozoico,Marino,Grupo Talara,0.972918224334717
150365,-645741.480093188,667292.890668061,Cenozoico,Marino,Grupo Talara,0.966829597949982
150366,-643740.700407379,667292.890668061,Cenozoico,Marino,Grupo Talara,0.958429455757141
150367,-641739.92072157,667292.890668061,Cenozoico,Marino,Grupo Talara,0.964421570301056
150368,-639739.141035761,667292.890668061,Cenozoico,Marino,Formación Máncora,0.945939469337463
150374,-627734.462920905,667292.890668061,Cenozoico,Marino,Grupo Talara,0.959056508541107
150376,-623732.903549287,667292.890668061,Cenozoico,Continental,Formación Salinas,0.915328967571259
150377,-621732.123863478,667292.890668061,Cenozoico,Continental,Formación Salinas,0.924159634113312
151055,-657746.158208044,665293.355212831,Cenozoico,Marino,Formación Máncora,0.969914984703064
151056,-655745.378522235,665293.355212831,Cenozoico,Marino,Formación Máncora,0.954531145095825
151058,-651743.819150616,665293.355212831,Cenozoico,Marino,Grupo Talara,0.9776003241539
151059,-649743.039464807,665293.355212831,Cenozoico,Marino,Grupo Talara,0.970019948482513
151060,-647742.259778998,665293.355212831,Cenozoico,Marino,Grupo Talara,0.967501640319824
151061,-645741.480093188,665293.355212831,Cenozoico,Marino,Grupo Talara,0.961851501464844
151062,-643740.700407379,665293.355212831,Cenozoico,Marino,Grupo Talara,0.965247368812561
151065,-637738.361349951,665293.355212831,Cenozoico,Marino,Grupo Talara,0.957106995582581
151070,-627734.462920905,665293.355212831,Cenozoico,Marino,Grupo Talara,0.969198429584503
151750,-659746.937893853,663293.819757601,Cenozoico,Marino,Formación Máncora,0.969365155696869
151751,-657746.158208044,663293.819757601,Cenozoico,Marino,Formación Máncora,0.959588897228241
151752,-655745.378522235,663293.819757601,Cenozoico,Marino,Grupo Talara,0.975051915645599
151753,-653744.598836425,663293.819757601,Cenozoico,Marino,Grupo Talara,0.972258877754211
151754,-651743.819150616,663293.819757601,Cenozoico,Marino,Grupo Talara,0.976976144313812
151755,-649743.039464807,663293.819757601,Cenozoico,Marino,Grupo Talara,0.961816120147705
151756,-647742.259778998,663293.819757601,Cenozoico,Marino,Grupo Talara,0.96850757598877
151757,-645741.480093188,663293.819757601,Cenozoico,Marino,Formación Máncora,0.952674281597137
151761,-637738.361349951,663293.819757601,Cenozoico,Marino,Grupo Talara,0.977514493465424
151765,-629735.242606715,663293.819757601,Cenozoico,Marino,Grupo Talara,0.952420854568481
152446,-659746.937893853,661294.28430237,Cenozoico,Marino,Formación Tablazo Máncora,0.959606373310089
152448,-655745.378522235,661294.28430237,Cenozoico,Marino,Formación Máncora,0.953477394580841
152449,-653744.598836425,661294.28430237,Cenozoico,Transicional,Formación Verdún,0.958476114273071
152450,-651743.819150616,661294.28430237,Cenozoico,Transicional,Formación Verdún,0.956687307357788
152451,-649743.039464807,661294.28430237,Cenozoico,Marino,Formación Máncora,0.951285254955292
152453,-645741.480093188,661294.28430237,Cenozoico,Marino,Formación Máncora,0.954050016403198
152456,-639739.141035761,661294.28430237,Cenozoico,Marino,Grupo Talara,0.97424304485321
152457,-637738.361349951,661294.28430237,Cenozoico,Marino,Grupo Talara,0.969270706176758
152461,-629735.242606715,661294.28430237,Cenozoico,Marino,Grupo Talara,0.955653142929077
153140,-663748.497265471,659294.74884714,Cenozoico,Transicional,Formación Verdún,0.967219686508179
153141,-661747.717579662,659294.74884714,Cenozoico,Marino,Grupo Talara,0.975368285179138
153142,-659746.937893853,659294.74884714,Cenozoico,Marino,Formación Máncora,0.969761073589325
153146,-651743.819150616,659294.74884714,Cenozoico,Marino,Formación Heath,0.951998209953308
153147,-649743.039464807,659294.74884714,Cenozoico,Marino,Formación Máncora,0.945733976364136
153157,-629735.242606715,659294.74884714,Cenozoico,Marino,Grupo Talara,0.961201512813568
155226,-667750.05663709,653296.14248145,Cenozoico,Marino,Formación Máncora,0.969187390804291
155922,-667750.05663709,651296.60702622,Cenozoico,Marino,Formación Heath,0.957047629356384
156618,-667750.05663709,649297.07157099,Cenozoico,Marino,Formación Heath,0.969530642032623
157312,-671751.616008708,647297.536115759,Cenozoico,Marino,Depósito marino,0.957503318786621
157314,-667750.05663709,647297.536115759,Cenozoico,Marino,Formación Máncora,0.968944215774536
157315,-665749.276951281,647297.536115759,Cenozoico,Sin dato,Formación Máncora,0.899753069877625
158006,-675753.175380327,645298.000660529,Cenozoico,Marino,Depósito marino,0.938104438781738
158007,-673752.395694518,645298.000660529,Cenozoico,Marino,Formación Máncora,0.968760812282562
158008,-671751.616008708,645298.000660529,Cenozoico,Marino,Formación Máncora,0.946077418327332
158009,-669750.836322899,645298.000660529,Cenozoico,Marino,Formación Máncora,0.9594282746315
158702,-675753.175380327,643298.465205299,Cenozoico,Marino,Formación Máncora,0.969335448741913
158703,-673752.395694518,643298.465205299,Cenozoico,Marino,Formación Máncora,0.960191023349762
160092,-679754.734751945,639299.394294839,Cenozoico,Sin dato,Formación Verdún,0.914850783348083
160787,-681755.514437754,637299.858839609,Cenozoico,Sin dato,Formación Verdún,0.931659471988678
160788,-679754.734751945,637299.858839609,Cenozoico,Sin dato,Formación Verdún,0.915800678730011
161482,-683756.294123564,635300.323384378,Cenozoico,Marino,Grupo Talara,0.978821587562561
161483,-681755.514437754,635300.323384378,Cenozoico,Marino,Grupo Talara,0.983129751682281
161484,-679754.734751945,635300.323384378,Cenozoico,Marino,Grupo Talara,0.967819738388062
162177,-685757.073809373,633300.787929148,Cenozoico,Continental,Depósito aluvial,0.91147403717041
162871,-689758.633180991,631301.252473918,Cenozoico,Continental,Formación Echinocyamus,0.981628704071045
163566,-691759.412866801,629301.717018688,Cenozoico,Continental,Formación Echinocyamus,0.982177817821503
163567,-689758.633180991,629301.717018688,Cenozoico,Marino,Formación Tablazo Máncora,0.95898209810257
163577,-669750.836322899,629301.717018688,Cenozoico,Transicional,Formación Verdún,0.952749228477478
163579,-665749.276951281,629301.717018688,Cenozoico,Transicional,Formación Verdún,0.946198487281799
163581,-661747.717579662,629301.717018688,Cenozoico,Marino,Grupo Talara,0.954015243053436
164261,-693760.19255261,627302.181563458,Cenozoico,Continental,Depósito aluvial,0.909671521186829
164273,-669750.836322899,627302.181563458,Cenozoico,Transicional,Formación Verdún,0.933131647109985
164276,-663748.497265471,627302.181563458,Cenozoico,Marino,Grupo Talara,0.959153354167938
164277,-661747.717579662,627302.181563458,Cenozoico,Marino,Grupo Talara,0.961111271381378
164279,-657746.158208044,627302.181563458,Cenozoico,Marino,Grupo Talara,0.968250727653503
164957,-693760.19255261,625302.646108228,Cenozoico,Marino,Grupo Talara,0.942405796051025
164959,-689758.633180991,625302.646108228,Cenozoico,Continental,Formación Echinocyamus,0.973737859725952
164960,-687757.853495182,625302.646108228,Cenozoico,Marino,Formación Tablazo Máncora,0.952353692054749
164969,-669750.836322899,625302.646108228,Cenozoico,Transicional,Formación Verdún,0.936440825462341
164973,-661747.717579662,625302.646108228,Cenozoico,Marino,Grupo Talara,0.966723251342773
164974,-659746.937893853,625302.646108228,Cenozoico,Marino,Grupo Talara,0.95166312456131
165653,-693760.19255261,623303.110652998,Cenozoico,Transicional,Formación Verdún,0.949174451828003
165655,-689758.633180991,623303.110652998,Cenozoico,Marino,Formación Tablazo Máncora,0.956015431880951
165667,-665749.276951281,623303.110652998,Cenozoico,Transicional,Formación Verdún,0.951641440391541
165668,-663748.497265471,623303.110652998,Cenozoico,Marino,Grupo Talara,0.954600203037262
166349,-693760.19255261,621303.575197767,Cenozoico,Transicional,Formación Verdún,0.975842106342316
166351,-689758.633180991,621303.575197767,Cenozoico,Marino,Formación Tablazo Máncora,0.948504722118378
166361,-669750.836322899,621303.575197767,Cenozoico,Transicional,Formación Verdún,0.93483065366745
166362,-667750.05663709,621303.575197767,Cenozoico,Transicional,Formación Verdún,0.943744134902954
166363,-665749.276951281,621303.575197767,Cenozoico,Marino,Grupo Talara,0.958625268936157
167045,-693760.19255261,619304.039742537,Cenozoico,Continental,Depósito eólico,0.926492941379547
167046,-691759.412866801,619304.039742537,Cenozoico,Marino,Formación Tablazo Máncora,0.955338740348816
167057,-669750.836322899,619304.039742537,Cenozoico,Marino,Grupo Talara,0.955919229984283
167058,-667750.05663709,619304.039742537,Cenozoico,Marino,Grupo Talara,0.958870756626129
167059,-665749.276951281,619304.039742537,Cenozoico,Marino,Grupo Talara,0.941835176944733
167060,-663748.497265471,619304.039742537,Cenozoico,Marino,Grupo Talara,0.944819581508636
167061,-661747.717579662,619304.039742537,Cenozoico,Marino,Grupo Talara,0.946348774433136
167741,-693760.19255261,617304.504287307,Cenozoico,Continental,Depósito eólico,0.923984491825104
167742,-691759.412866801,617304.504287307,Cenozoico,Marino,Formación Tablazo Máncora,0.956356477737427
167752,-671751.616008708,617304.504287307,Cenozoico,Transicional,Formación Verdún,0.927012622356415
167753,-669750.836322899,617304.504287307,Cenozoico,Marino,Grupo Talara,0.961625742912292
167754,-667750.05663709,617304.504287307,Cenozoico,Marino,Grupo Talara,0.948463869094849
167758,-659746.937893853,617304.504287307,Cenozoico,Marino,Grupo Talara,0.961927044391632
168437,-693760.19255261,615304.968832077,Cenozoico,Transicional,Formación Verdún,0.975842106342316
168438,-691759.412866801,615304.968832077,Cenozoico,Marino,Formación Tablazo Máncora,0.95882740020752
168448,-671751.616008708,615304.968832077,Cenozoico,Transicional,Formación Verdún,0.935179257392883
168449,-669750.836322899,615304.968832077,Cenozoico,Marino,Grupo Talara,0.956712663173676
168451,-665749.276951281,615304.968832077,Cenozoico,Marino,Grupo Talara,0.96434987783432
168453,-661747.717579662,615304.968832077,Cenozoico,Marino,Grupo Talara,0.966256213188171
169133,-693760.19255261,613305.433376847,Cenozoico,Transicional,Formación Verdún,0.975842106342316
169134,-691759.412866801,613305.433376847,Cenozoico,Marino,Formación Tablazo Máncora,0.96262983083725
169136,-687757.853495182,613305.433376847,Cenozoico,Marino,Formación Tablazo Máncora,0.959180808067322
169137,-685757.073809373,613305.433376847,Cenozoico,Marino,Formación Tablazo Máncora,0.939734292030334
169139,-681755.514437754,613305.433376847,Cenozoico,Marino,Formación Tablazo Máncora,0.950880897045135
169140,-679754.734751945,613305.433376847,Cenozoico,Transicional,Formación Verdún,0.94110369682312
169141,-677753.955066136,613305.433376847,Cenozoico,Transicional,Formación Verdún,0.937616527080536
169143,-673752.395694518,613305.433376847,Cenozoico,Transicional,Formación Verdún,0.933885979652405
169147,-665749.276951281,613305.433376847,Cenozoico,Marino,Grupo Talara,0.960416257381439
169148,-663748.497265471,613305.433376847,Cenozoico,Marino,Grupo Talara,0.976407742500305
169829,-693760.19255261,611305.897921617,Cenozoico,Continental,Depósito aluvial,0.902542662620544
169830,-691759.412866801,611305.897921617,Cenozoico,Marino,Formación Tablazo Máncora,0.962597131729126
169831,-689758.633180991,611305.897921617,Cenozoico,Transicional,Formación Verdún,0.945998322963715
169832,-687757.853495182,611305.897921617,Cenozoico,Transicional,Formación Verdún,0.944430494308472
169836,-679754.734751945,611305.897921617,Cenozoico,Marino,Formación Tablazo Máncora,0.946909332275391
169839,-673752.395694518,611305.897921617,Cenozoico,Transicional,Formación Verdún,0.929239499568939
169840,-671751.616008708,611305.897921617,Cenozoico,Transicional,Formación Verdún,0.934743988513947
169842,-667750.05663709,611305.897921617,Cenozoico,Marino,Grupo Talara,0.955152642726898
169843,-665749.276951281,611305.897921617,Cenozoico,Marino,Grupo Talara,0.955182778835297
169844,-663748.497265471,611305.897921617,Cenozoico,Marino,Grupo Talara,0.964849352836609
170524,-695760.972238419,609306.362466387,Cenozoico,Marino,Grupo Talara,0.981984281539917
170525,-693760.19255261,609306.362466387,Cenozoico,Marino,Grupo Talara,0.98055591583252
170526,-691759.412866801,609306.362466387,Cenozoico,Marino,Formación Tablazo Máncora,0.964335751533508
170527,-689758.633180991,609306.362466387,Cenozoico,Marino,Formación Tablazo Máncora,0.96797559261322
170528,-687757.853495182,609306.362466387,Cenozoico,Transicional,Formación Verdún,0.948088479042053
170529,-685757.073809373,609306.362466387,Cenozoico,Transicional,Formación Verdún,0.938693058490753
170530,-683756.294123564,609306.362466387,Cenozoico,Marino,Formación Tablazo Máncora,0.947393786907196
170536,-671751.616008708,609306.362466387,Cenozoico,Marino,Grupo Talara,0.970986473560333
170537,-669750.836322899,609306.362466387,Cenozoico,Marino,Grupo Talara,0.965201926231384
170538,-667750.05663709,609306.362466387,Cenozoico,Transicional,Formación Verdún,0.944446885585785
170539,-665749.276951281,609306.362466387,Cenozoico,Marino,Grupo Talara,0.953334450721741
171219,-697761.751924228,607306.827011156,Cenozoico,Marino,Grupo Talara,0.981459653377533
171220,-695760.972238419,607306.827011156,Cenozoico,Transicional,Formación Verdún,0.9578972697258
171221,-693760.19255261,607306.827011156,Cenozoico,Transicional,Formación Verdún,0.972562432289124
171222,-691759.412866801,607306.827011156,Cenozoico,Transicional,Formación Verdún,0.971713662147522
171223,-689758.633180991,607306.827011156,Cenozoico,Transicional,Formación Verdún,0.973972225189209
171224,-687757.853495182,607306.827011156,Cenozoico,Marino,Formación Tablazo Máncora,0.956383430957794
171225,-685757.073809373,607306.827011156,Cenozoico,Transicional,Formación Verdún,0.950168943405151
171226,-683756.294123564,607306.827011156,Cenozoico,Transicional,Formación Verdún,0.953144645690918
171231,-673752.395694518,607306.827011156,Cenozoico,Marino,Grupo Talara,0.972354245185852
171233,-669750.836322899,607306.827011156,Cenozoico,Marino,Grupo Talara,0.968540394306183
171915,-697761.751924228,605307.291555926,Cenozoico,Transicional,Formación Verdún,0.955219447612762
171918,-691759.412866801,605307.291555926,Cenozoico,Transicional,Formación Verdún,0.969472217559814
171919,-689758.633180991,605307.291555926,Cenozoico,Transicional,Formación Verdún,0.965542769432068
171920,-687757.853495182,605307.291555926,Cenozoico,Transicional,Formación Verdún,0.971049892902374
171921,-685757.073809373,605307.291555926,Cenozoico,Marino,Formación Tablazo Máncora,0.954887628555298
171925,-677753.955066136,605307.291555926,Cenozoico,Marino,Formación Tablazo Máncora,0.945594787597656
171926,-675753.175380327,605307.291555926,Cenozoico,Continental,Formación Salinas,0.915430784225464
171928,-671751.616008708,605307.291555926,Cenozoico,Marino,Grupo Talara,0.961458420753479
171930,-667750.05663709,605307.291555926,Cenozoico,Continental,Formación Salinas,0.90878427028656
172610,-699762.531610037,603307.756100696,Cenozoico,Transicional,Formación Verdún,0.958814370632172
172611,-697761.751924228,603307.756100696,Cenozoico,Transicional,Formación Verdún,0.960534000396729
172613,-693760.19255261,603307.756100696,Cenozoico,Transicional,Formación Verdún,0.944238662719727
172615,-689758.633180991,603307.756100696,Cenozoico,Transicional,Formación Verdún,0.964622747898102
172616,-687757.853495182,603307.756100696,Cenozoico,Marino,Grupo Talara,0.982845413684845
172620,-679754.734751945,603307.756100696,Cenozoico,Marino,Formación Tablazo Máncora,0.948551785945892
172622,-675753.175380327,603307.756100696,Cenozoico,Continental,Formación Salinas,0.91793692111969
173307,-697761.751924228,601308.220645466,Cenozoico,Continental,Depósito fluvial,0.923958516120911
173312,-687757.853495182,601308.220645466,Cenozoico,Transicional,Formación Pariñas,0.987109076976776
173313,-685757.073809373,601308.220645466,Cenozoico,Marino,Formación Tablazo Máncora,0.954026675224304
173314,-683756.294123564,601308.220645466,Cenozoico,Marino,Grupo Talara,0.964837312698364
173315,-681755.514437754,601308.220645466,Cenozoico,Marino,Formación Tablazo Máncora,0.958196306228638
174004,-695760.972238419,599308.685190236,Cenozoico,Transicional,Formación Verdún,0.958322274684906
174005,-693760.19255261,599308.685190236,Cenozoico,Transicional,Formación Verdún,0.954711318016052
174008,-687757.853495182,599308.685190236,Cenozoico,Marino,Grupo Talara,0.978797173500061
174009,-685757.073809373,599308.685190236,Cenozoico,Marino,Grupo Talara,0.978161406517029
174011,-681755.514437754,599308.685190236,Cenozoico,Marino,Formación Tablazo Talara,0.945550906658173
174700,-695760.972238419,597309.149735006,Cenozoico,Marino,Grupo Talara,0.976831221580505
174701,-693760.19255261,597309.149735006,Cenozoico,Marino,Grupo Talara,0.980953025817871
174702,-691759.412866801,597309.149735006,Cenozoico,Marino,Formación Tablazo Talara,0.937128806114197
174703,-689758.633180991,597309.149735006,Cenozoico,Marino,Formación Tablazo Talara,0.943029797077179
174704,-687757.853495182,597309.149735006,Cenozoico,Marino,Formación Tablazo Talara,0.936224949359894
174705,-685757.073809373,597309.149735006,Cenozoico,Marino,Grupo Talara,0.971377921104431
175396,-695760.972238419,595309.614279775,Cenozoico,Marino,Formación Tablazo Talara,0.95177549123764
175397,-693760.19255261,595309.614279775,Cenozoico,Marino,Formación Tablazo Talara,0.936720728874207
175398,-691759.412866801,595309.614279775,Cenozoico,Marino,Formación Tablazo Talara,0.927146232128143
176092,-695760.972238419,593310.078824545,Cenozoico,Marino,Grupo Talara,0.978723740577698
176093,-693760.19255261,593310.078824545,Cenozoico,Marino,Grupo Talara,0.959530913829803
176094,-691759.412866801,593310.078824545,Cenozoico,Marino,Grupo Talara,0.951981973648071
176096,-687757.853495182,593310.078824545,Cenozoico,Marino,Formación Tablazo Talara,0.903543329238892
176117,-645741.480093188,593310.078824545,Mesozoico,Continental,Grupo Copa Sombrero - Formación Huasimal - Miembro Horquetas,0.900962793827057
176787,-697761.751924228,591310.543369315,Cenozoico,Marino,Grupo Talara,0.981048822402954
176788,-695760.972238419,591310.543369315,Cenozoico,Marino,Grupo Talara,0.971322000026703
176789,-693760.19255261,591310.543369315,Cenozoico,Marino,Grupo Talara,0.972398245334625
176791,-689758.633180991,591310.543369315,Cenozoico,Marino,Formación Tablazo Talara,0.908629107475281
176792,-687757.853495182,591310.543369315,Cenozoico,Marino,Formación Tablazo Talara,0.919899106025696
176794,-683756.294123564,591310.543369315,Cenozoico,Marino,Formación Tablazo Talara,0.909139847755432
177483,-697761.751924228,589311.007914085,Cenozoico,Continental,Depósito fluvial,0.928027558326721
177484,-695760.972238419,589311.007914085,Cenozoico,Marino,Grupo Talara,0.977318942546844
177485,-693760.19255261,589311.007914085,Cenozoico,Marino,Grupo Talara,0.962377333641052
177486,-691759.412866801,589311.007914085,Cenozoico,Marino,Grupo Talara,0.965542793273926
177487,-689758.633180991,589311.007914085,Cenozoico,Marino,Grupo Talara,0.966238558292389
177488,-687757.853495182,589311.007914085,Cenozoico,Marino,Formación Tablazo Talara,0.902627491950989
177490,-683756.294123564,589311.007914085,Cenozoico,Transicional,Formación Pariñas,0.97363440990448
177525,-613729.005120241,589311.007914085,Cenozoico,Continental,Formación Mirador-Miembro Inferior,0.925203704833984
178179,-697761.751924228,587311.472458855,Cenozoico,Marino,Grupo Talara,0.981140637397766
178180,-695760.972238419,587311.472458855,Cenozoico,Marino,Grupo Talara,0.971574091911316
178181,-693760.19255261,587311.472458855,Cenozoico,Transicional,Formación Verdún,0.928362727165222
178182,-691759.412866801,587311.472458855,Cenozoico,Transicional,Formación Verdún,0.959478068351746
178183,-689758.633180991,587311.472458855,Cenozoico,Transicional,Formación Verdún,0.950471353530884
178185,-685757.073809373,587311.472458855,Cenozoico,Transicional,Formación Pariñas,0.97923709154129
178186,-683756.294123564,587311.472458855,Cenozoico,Transicional,Formación Pariñas,0.979250621795654
178187,-681755.514437754,587311.472458855,Cenozoico,Transicional,Formación Pariñas,0.962120926380157
178208,-639739.141035761,587311.472458855,Cenozoico,Transicional,Formación Verdún,0.952168154716492
178874,-699762.531610037,585311.937003625,Cenozoico,Continental,Depósito eólico,0.902363717556
178875,-697761.751924228,585311.937003625,Cenozoico,Marino,Formación Palegreda,0.976611125469208
178876,-695760.972238419,585311.937003625,Cenozoico,Transicional,Formación Pariñas,0.979794275760651
178877,-693760.19255261,585311.937003625,Cenozoico,Marino,Formación Palegreda,0.976535665988922
178878,-691759.412866801,585311.937003625,Cenozoico,Marino,Formación Chacra,0.979549384117126
178879,-689758.633180991,585311.937003625,Cenozoico,Transicional,Formación Verdún,0.954575395584106
178880,-687757.853495182,585311.937003625,Cenozoico,Marino,Formación Tablazo Máncora,0.9528977394104
178881,-685757.073809373,585311.937003625,Cenozoico,Marino,Formación Tablazo Máncora,0.970913279056549
178882,-683756.294123564,585311.937003625,Cenozoico,Marino,Formación Tablazo Máncora,0.955816972255707
178914,-619731.344177668,585311.937003625,Cenozoico,Transicional,Formación Verdún,0.934636843204498
178916,-615729.78480605,585311.937003625,Cenozoico,Marino,Formación Chira-Miembro Superior,0.939645910263062
179569,-701763.311295847,583312.401548395,Cenozoico,Continental,Depósito eólico,0.90895471572876
179570,-699762.531610037,583312.401548395,Cenozoico,Continental,Depósito eólico,0.920336663722992
179571,-697761.751924228,583312.401548395,Cenozoico,Continental,Depósito fluvial,0.905072712898254
179572,-695760.972238419,583312.401548395,Cenozoico,Marino,Formación Palegreda,0.976107490062714
179573,-693760.19255261,583312.401548395,Cenozoico,Marino,Formación Palegreda,0.979429161548615
179574,-691759.412866801,583312.401548395,Cenozoico,Marino,Formación Mirador,0.974975204467773
179575,-689758.633180991,583312.401548395,Cenozoico,Marino,Formación Mirador,0.974507915973663
179576,-687757.853495182,583312.401548395,Cenozoico,Marino,Formación Mirador,0.976388597488403
179577,-685757.073809373,583312.401548395,Cenozoico,Continental,Depósito fluvial,0.906185495853424
179578,-683756.294123564,583312.401548395,Cenozoico,Marino,Formación Tablazo Máncora,0.965490984916687
179594,-651743.819150616,583312.401548395,Cenozoico,Marino,Formación Chira-Miembro Superior,0.943851125240326
179602,-635737.581664142,583312.401548395,Cenozoico,Transicional,Formación Verdún,0.948955845832825
179603,-633736.801978333,583312.401548395,Cenozoico,Transicional,Formación Verdún,0.944893741607666
179610,-619731.344177668,583312.401548395,Cenozoico,Transicional,Formación Verdún,0.955579102039337
179612,-615729.78480605,583312.401548395,Cenozoico,Continental,Formación Mirador-Miembro Inferior,0.957464563846588
180265,-701763.311295847,581312.866093164,Cenozoico,Marino,Depósito marino,0.968138492107391
180267,-697761.751924228,581312.866093164,Cenozoico,Marino,Formación Palegreda,0.985020232200623
180268,-695760.972238419,581312.866093164,Cenozoico,Marino,Formación Palegreda,0.979483711719513
180270,-691759.412866801,581312.866093164,Cenozoico,Marino,Formación Mirador,0.978865242004395
180271,-689758.633180991,581312.866093164,Cenozoico,Marino,Formación Mirador,0.967316150665283
180272,-687757.853495182,581312.866093164,Cenozoico,Continental,Depósito fluvial,0.899911046028137
180273,-685757.073809373,581312.866093164,Cenozoico,Marino,Formación Tablazo Máncora,0.964660036563873
180274,-683756.294123564,581312.866093164,Cenozoico,Marino,Formación Tablazo Máncora,0.952891337871552
180275,-681755.514437754,581312.866093164,Cenozoico,Marino,Formación Tablazo Máncora,0.963470482826233
180298,-635737.581664142,581312.866093164,Cenozoico,Transicional,Formación Verdún,0.933709096908569
180299,-633736.801978333,581312.866093164,Cenozoico,Transicional,Formación Verdún,0.943994009494781
180307,-617730.564491859,581312.866093164,Cenozoico,Continental,Formación Mirador-Miembro Inferior,0.948357939720154
180308,-615729.78480605,581312.866093164,Cenozoico,Continental,Formación Mirador-Miembro Inferior,0.959724283218384
180962,-699762.531610037,579313.330637934,Cenozoico,Marino,Depósito marino,0.968138492107391
180968,-687757.853495182,579313.330637934,Cenozoico,Continental,Formación Cone Hill,0.917334866523743
180969,-685757.073809373,579313.330637934,Cenozoico,Continental,Formación Cone Hill,0.927535843849182
180970,-683756.294123564,579313.330637934,Cenozoico,Continental,Formación Cone Hill,0.944473433494568
180971,-681755.514437754,579313.330637934,Cenozoico,Marino,Formación Tablazo Máncora,0.968537187576294
180972,-679754.734751945,579313.330637934,Cenozoico,Marino,Formación Tablazo Máncora,0.964208054542542
180992,-639739.141035761,579313.330637934,Cenozoico,Transicional,Formación Verdún,0.914593887329102
180995,-633736.801978333,579313.330637934,Cenozoico,Transicional,Formación Verdún,0.948136699199677
180996,-631736.022292524,579313.330637934,Cenozoico,Transicional,Formación Verdún,0.942973244190216
180999,-625733.683235096,579313.330637934,Cenozoico,Transicional,Formación Verdún,0.935981070995331
181003,-617730.564491859,579313.330637934,Cenozoico,Continental,Formación Mirador-Miembro Inferior,0.92967129945755
181659,-697761.751924228,577313.795182704,Cenozoico,Marino,Depósito marino,0.967414820194244
181664,-687757.853495182,577313.795182704,Cenozoico,Continental,Formación Cone Hill,0.928133344650269
181665,-685757.073809373,577313.795182704,Cenozoico,Continental,Formación Cone Hill,0.934079051017761
181666,-683756.294123564,577313.795182704,Cenozoico,Continental,Formación Cone Hill,0.927580916881561
181667,-681755.514437754,577313.795182704,Cenozoico,Continental,Formación Cone Hill,0.956185591220856
181668,-679754.734751945,577313.795182704,Cenozoico,Marino,Formación Tablazo Máncora,0.969056177139282
181669,-677753.955066136,577313.795182704,Cenozoico,Marino,Formación Tablazo Máncora,0.959197199344635
181681,-653744.598836425,577313.795182704,Cenozoico,Continental,Formación Mirador-Miembro Inferior,0.934401965141296
181691,-633736.801978333,577313.795182704,Cenozoico,Transicional,Formación Verdún,0.946107220649719
181693,-629735.242606715,577313.795182704,Cenozoico,Transicional,Formación Verdún,0.951043140888214
181694,-627734.462920905,577313.795182704,Cenozoico,Transicional,Formación Verdún,0.951775240898132
181695,-625733.683235096,577313.795182704,Cenozoico,Transicional,Formación Verdún,0.938060891628265
181696,-623732.903549287,577313.795182704,Cenozoico,Transicional,Formación Verdún,0.941469442844391
181697,-621732.123863478,577313.795182704,Cenozoico,Transicional,Formación Verdún,0.912528324127197
181699,-617730.564491859,577313.795182704,Cenozoico,Continental,Formación Mirador-Miembro Inferior,0.946645724773407
182356,-695760.972238419,575314.259727474,Cenozoico,Marino,Depósito marino,0.968765437602997
182361,-685757.073809373,575314.259727474,Cenozoico,Continental,Formación Cone Hill,0.929708790779114
182363,-681755.514437754,575314.259727474,Cenozoico,Continental,Formación Cone Hill,0.929350590705872
182364,-679754.734751945,575314.259727474,Cenozoico,Marino,Formación Tablazo Máncora,0.94562908411026
182365,-677753.955066136,575314.259727474,Cenozoico,Marino,Formación Tablazo Máncora,0.970850348472595
182366,-675753.175380327,575314.259727474,Cenozoico,Marino,Formación Tablazo Máncora,0.963361299037933
182375,-657746.158208044,575314.259727474,Cenozoico,Continental,Formación Mirador-Miembro Inferior,0.92995845079422
182376,-655745.378522235,575314.259727474,Cenozoico,Continental,Formación Mirador-Miembro Inferior,0.944271564483643
182379,-649743.039464807,575314.259727474,Cenozoico,Marino,Formación Chira-Miembro Superior,0.935113430023193
182392,-623732.903549287,575314.259727474,Cenozoico,Transicional,Formación Verdún,0.913007915019989
182393,-621732.123863478,575314.259727474,Cenozoico,Marino,Formación Chira-Miembro Superior,0.956959283351898
182394,-619731.344177668,575314.259727474,Cenozoico,Continental,Formación Mirador-Miembro Inferior,0.942736351490021
183053,-693760.19255261,573314.724272244,Cenozoico,Marino,Depósito marino,0.967923021316528
183054,-691759.412866801,573314.724272244,Cenozoico,Marino,Depósito marino,0.927844250202179
183057,-685757.073809373,573314.724272244,Cenozoico,Continental,Formación Cone Hill,0.93097403049469
183058,-683756.294123564,573314.724272244,Cenozoico,Continental,Formación Cone Hill,0.939970076084137
183060,-679754.734751945,573314.724272244,Cenozoico,Continental,Formación Cone Hill,0.94727121591568
183061,-677753.955066136,573314.724272244,Cenozoico,Marino,Formación Tablazo Máncora,0.964844369888306
183062,-675753.175380327,573314.724272244,Cenozoico,Marino,Formación Tablazo Máncora,0.952264416217804
183063,-673752.395694518,573314.724272244,Cenozoico,Marino,Formación Tablazo Talara,0.917548441886902
183067,-665749.276951281,573314.724272244,Cenozoico,Continental,Formación Mirador-Miembro Inferior,0.951005673408508
183068,-663748.497265471,573314.724272244,Cenozoico,Continental,Formación Mirador-Miembro Inferior,0.942903769016266
183069,-661747.717579662,573314.724272244,Cenozoico,Continental,Formación Mirador-Miembro Inferior,0.933745288848877
183070,-659746.937893853,573314.724272244,Cenozoico,Continental,Formación Mirador-Miembro Inferior,0.928429388999939
183073,-653744.598836425,573314.724272244,Cenozoico,Marino,Formación Chira-Miembro Superior,0.949744594097137
183075,-649743.039464807,573314.724272244,Cenozoico,Marino,Formación Chira-Miembro Superior,0.948721873760223
183079,-641739.92072157,573314.724272244,Cenozoico,Marino,Formación Chira-Miembro Superior,0.949881231784821
183083,-633736.801978333,573314.724272244,Cenozoico,Transicional,Formación Verdún,0.92167763710022
183087,-625733.683235096,573314.724272244,Cenozoico,Marino,Formación Chira,0.918626892566681
183088,-623732.903549287,573314.724272244,Cenozoico,Continental,Formación Mirador-Miembro Inferior,0.956122708320618
183089,-621732.123863478,573314.724272244,Cenozoico,Continental,Formación Mirador-Miembro Inferior,0.941441547870636
183750,-691759.412866801,571315.188817014,Cenozoico,Marino,Depósito marino,0.967414820194244
183751,-689758.633180991,571315.188817014,Cenozoico,Marino,Depósito marino,0.920734000205994
183753,-685757.073809373,571315.188817014,Cenozoico,Continental,Formación Cone Hill,0.916816425323486
183754,-683756.294123564,571315.188817014,Cenozoico,Continental,Formación Cone Hill,0.921997284889221
183756,-679754.734751945,571315.188817014,Cenozoico,Continental,Formación Cone Hill,0.936805319786072
183757,-677753.955066136,571315.188817014,Cenozoico,Marino,Formación Tablazo Máncora,0.959852159023285
183758,-675753.175380327,571315.188817014,Cenozoico,Marino,Formación Tablazo Máncora,0.965355026721954
183760,-671751.616008708,571315.188817014,Cenozoico,Marino,Formación Tablazo Talara,0.916300618648529
183763,-665749.276951281,571315.188817014,Cenozoico,Marino,Formación Chira-Miembro Superior,0.932016932964325
183765,-661747.717579662,571315.188817014,Cenozoico,Continental,Formación Mirador-Miembro Inferior,0.947016680240631
183766,-659746.937893853,571315.188817014,Cenozoico,Marino,Formación Chira-Miembro Superior,0.951577293872833
183767,-657746.158208044,571315.188817014,Cenozoico,Marino,Formación Chira-Miembro Superior,0.952838921546936
183770,-651743.819150616,571315.188817014,Cenozoico,Marino,Formación Chira-Miembro Superior,0.929422354698181
183772,-647742.259778998,571315.188817014,Cenozoico,Continental,Formación Miramar,0.913280355930328
183775,-641739.92072157,571315.188817014,Cenozoico,Marino,Formación Chira-Miembro Superior,0.946503305435181
183782,-627734.462920905,571315.188817014,Cenozoico,Marino,Formación Chira-Miembro Superior,0.94032746553421
184453,-677753.955066136,569315.653361784,Cenozoico,Marino,Formación Tablazo Máncora,0.96373702287674
184454,-675753.175380327,569315.653361784,Cenozoico,Marino,Formación Tablazo Máncora,0.964844369888306
184455,-673752.395694518,569315.653361784,Cenozoico,Marino,Formación Tablazo Talara,0.939505970478058
184456,-671751.616008708,569315.653361784,Cenozoico,Transicional,Formación Verdún,0.960940444469452
184457,-669750.836322899,569315.653361784,Cenozoico,Marino,Formación Chira,0.948753702640533
184458,-667750.05663709,569315.653361784,Cenozoico,Marino,Formación Tablazo Talara,0.950898456573486
184459,-665749.276951281,569315.653361784,Cenozoico,Marino,Formación Chira-Miembro Superior,0.965653467178345
184460,-663748.497265471,569315.653361784,Cenozoico,Marino,Formación Talara Tablazo,0.895042073726654
184461,-661747.717579662,569315.653361784,Cenozoico,Marino,Formación Chira,0.959878063201904
184462,-659746.937893853,569315.653361784,Cenozoico,Marino,Formación Chira-Miembro Superior,0.960745203495026
184463,-657746.158208044,569315.653361784,Cenozoico,Marino,Formación Chira-Miembro Superior,0.943814325332642
184464,-655745.378522235,569315.653361784,Cenozoico,Marino,Formación Chira-Miembro Superior,0.934366917610168
184465,-653744.598836425,569315.653361784,Cenozoico,Marino,Formación Chira-Miembro Superior,0.943474721908569
184470,-643740.700407379,569315.653361784,Cenozoico,Continental,Formación Mirador-Miembro Inferior,0.931476747989655
184471,-641739.92072157,569315.653361784,Cenozoico,Marino,Formación Chira-Miembro Superior,0.936321318149567
184476,-631736.022292524,569315.653361784,Cenozoico,Marino,Formación Chira-Miembro Superior,0.953690350055695
184477,-629735.242606715,569315.653361784,Cenozoico,Marino,Formación Chira-Miembro Superior,0.94570597410202
184478,-627734.462920905,569315.653361784,Cenozoico,Continental,Formación Mirador-Miembro Inferior,0.932751929759979
185144,-687757.853495182,567316.117906553,Cenozoico,Marino,Depósito marino,0.968838655948639
185148,-679754.734751945,567316.117906553,Cenozoico,Transicional,Formación Verdún,0.933043479919434
185150,-675753.175380327,567316.117906553,Cenozoico,Marino,Formación Tablazo Máncora,0.959069120883942
185151,-673752.395694518,567316.117906553,Cenozoico,Transicional,Formación Verdún,0.966335999965668
185152,-671751.616008708,567316.117906553,Cenozoico,Marino,Formación Tablazo Talara,0.945102822780609
185153,-669750.836322899,567316.117906553,Cenozoico,Marino,Formación Tablazo Talara,0.941476595401764
185154,-667750.05663709,567316.117906553,Cenozoico,Marino,Formación Chira,0.964913403987885
185155,-665749.276951281,567316.117906553,Cenozoico,Marino,Formación Talara Tablazo,0.932112038135529
185156,-663748.497265471,567316.117906553,Cenozoico,Marino,Formación Chira-Miembro Superior,0.962903022766113
185161,-653744.598836425,567316.117906553,Cenozoico,Marino,Formación Chira-Miembro Superior,0.940618741512299
185164,-647742.259778998,567316.117906553,Cenozoico,Marino,Formación Mirador - Miembro Superior,0.917333018779755
185171,-633736.801978333,567316.117906553,Cenozoico,Marino,Formación Chira-Miembro Superior,0.943216550350189
185172,-631736.022292524,567316.117906553,Cenozoico,Marino,Formación Chira-Miembro Superior,0.952656972408295
185841,-685757.073809373,565316.582451323,Cenozoico,Marino,Depósito marino,0.968243050575256
185842,-683756.294123564,565316.582451323,Cenozoico,Marino,Depósito marino,0.905187928676605
185846,-675753.175380327,565316.582451323,Cenozoico,Transicional,Formación Verdún,0.965405309200287
185847,-673752.395694518,565316.582451323,Cenozoico,Transicional,Formación Verdún,0.966654002666473
185848,-671751.616008708,565316.582451323,Cenozoico,Marino,Formación Tablazo Talara,0.946052515506744
185849,-669750.836322899,565316.582451323,Cenozoico,Continental,Depósito aluvial,0.896093130111694
185850,-667750.05663709,565316.582451323,Cenozoico,Continental,Depósito aluvial,0.901493561267853
185851,-665749.276951281,565316.582451323,Cenozoico,Marino,Formación Chira-Miembro Superior,0.963232982158661
185867,-633736.801978333,565316.582451323,Cenozoico,Marino,Formación Chira-Miembro Superior,0.950489568710327
185868,-631736.022292524,565316.582451323,Cenozoico,Continental,Formación Mirador-Miembro Inferior,0.948790812492371
186544,-671751.616008708,563317.046996093,Cenozoico,Marino,Formación Chira,0.9596235871315
186547,-665749.276951281,563317.046996093,Cenozoico,Marino,Formación Chira-Miembro Superior,0.971438813209534
186548,-663748.497265471,563317.046996093,Cenozoico,Marino,Formación Chira-Miembro Superior,0.960068881511688
187234,-683756.294123564,561317.511540863,Cenozoico,Marino,Depósito marino,0.968138492107391
187243,-665749.276951281,561317.511540863,Cenozoico,Marino,Formación Chira-Miembro Superior,0.964336693286896
187244,-663748.497265471,561317.511540863,Cenozoico,Marino,Formación Chira-Miembro Superior,0.95527685880661
187931,-681755.514437754,559317.976085633,Cenozoico,Marino,Depósito marino,0.951410067081451
187937,-669750.836322899,559317.976085633,Cenozoico,Marino,Formación Tablazo Talara,0.943668735027313
188633,-669750.836322899,557318.440630403,Cenozoico,Marino,Formación Tablazo Talara,0.950501871109009
189329,-669750.836322899,555318.905175172,Cenozoico,Marino,Formación Tablazo Talara,0.932877743244171
189330,-667750.05663709,555318.905175172,Cenozoico,Marino,Formación Tablazo Talara,0.937857270240784
189331,-665749.276951281,555318.905175172,Cenozoico,Marino,Formación Talara Tablazo,0.929688203334808
189335,-657746.158208044,555318.905175172,Cenozoico,Marino,Formación Talara Tablazo,0.926031363010406
189336,-655745.378522235,555318.905175172,Cenozoico,Marino,Formación Talara Tablazo,0.905433356761932
190024,-671751.616008708,553319.369719942,Cenozoico,Continental,Depósito eólico,0.905866754055023
190025,-669750.836322899,553319.369719942,Cenozoico,Marino,Formación Tablazo Talara,0.936087036132812
190026,-667750.05663709,553319.369719942,Cenozoico,Marino,Formación Tablazo Talara,0.9022536277771
190029,-661747.717579662,553319.369719942,Cenozoico,Marino,Formación Talara Tablazo,0.900356924533844
190720,-671751.616008708,551319.834264712,Cenozoico,Continental,Depósito eólico,0.888912642002106
190721,-669750.836322899,551319.834264712,Cenozoico,Marino,Formación Tablazo Talara,0.934209811687469
190723,-665749.276951281,551319.834264712,Cenozoico,Marino,Formación Tablazo Talara,0.908991265296936
191416,-671751.616008708,549320.298809482,Cenozoico,Continental,Depósito eólico,0.88982367515564
191417,-669750.836322899,549320.298809482,Cenozoico,Marino,Formación Tablazo Talara,0.927684688568115
192113,-669750.836322899,547320.763354252,Cenozoico,Marino,Formación Tablazo Talara,0.912931084632874
192163,-569711.852032438,547320.763354252,Cenozoico,Continental,Formación Yapatera,0.964475309848785
192808,-671751.616008708,545321.227899022,Cenozoico,Marino,Formación Chira,0.969848525524139
192810,-667750.05663709,545321.227899022,Cenozoico,Marino,Formación Tablazo Talara,0.917846775054932
192858,-571712.631718247,545321.227899022,Cenozoico,Continental,Formación Yapatera,0.955193734169006
192859,-569711.852032438,545321.227899022,Cenozoico,Continental,Formación Yapatera,0.969225656986237
193504,-671751.616008708,543321.692443792,Cenozoico,Marino,Formación Chira,0.971330189704895
193505,-669750.836322899,543321.692443792,Cenozoico,Marino,Formación Tablazo Talara,0.921135413646698
193512,-655745.378522235,543321.692443792,Cenozoico,Marino,Formación Tablazo Talara,0.914082837104797
193554,-571712.631718247,543321.692443792,Cenozoico,Continental,Formación Yapatera,0.975631463527679
194200,-671751.616008708,541322.156988561,Cenozoico,Marino,Formación Tablazo Talara,0.956063342094421
194895,-673752.395694518,539322.621533331,Cenozoico,Marino,Formación Tablazo Talara,0.944911706447601
194899,-665749.276951281,539322.621533331,Cenozoico,Marino,Formación Tablazo Talara,0.90036758184433
195587,-681755.514437754,537323.086078101,Cenozoico,Marino,Formación Tablazo Talara,0.940208101272583
195588,-679754.734751945,537323.086078101,Cenozoico,Marino,Formación Tablazo Talara,0.944911706447601
195589,-677753.955066136,537323.086078101,Cenozoico,Marino,Formación Tablazo Talara,0.950150907039642
195590,-675753.175380327,537323.086078101,Cenozoico,Marino,Formación Tablazo Talara,0.953466463088989
195591,-673752.395694518,537323.086078101,Cenozoico,Marino,Formación Tablazo Talara,0.913411426544189
195596,-663748.497265471,537323.086078101,Cenozoico,Marino,Formación Tablazo Talara,0.917735874652863
195609,-637738.361349951,537323.086078101,Cenozoico,Continental,Depósito eólico,0.913456225395203
196283,-681755.514437754,535323.550622871,Cenozoico,Marino,Formación Tablazo Talara,0.925901532173157
196286,-675753.175380327,535323.550622871,Cenozoico,Marino,Formación Tablazo Talara,0.929284751415253
196287,-673752.395694518,535323.550622871,Cenozoico,Marino,Formación Tablazo Talara,0.922955572605133
196290,-667750.05663709,535323.550622871,Cenozoico,Marino,Formación Tablazo Talara,0.924391531944275
196291,-665749.276951281,535323.550622871,Cenozoico,Marino,Formación Tablazo Talara,0.903276777267456
196295,-657746.158208044,535323.550622871,Cenozoico,Marino,Formación Tablazo Talara,0.921284115314484
196306,-635737.581664142,535323.550622871,Cenozoico,Continental,Formación Miramar,0.939965879917145
196981,-677753.955066136,533324.015167641,Cenozoico,Marino,Formación Tablazo Talara,0.911598551273346
196985,-669750.836322899,533324.015167641,Cenozoico,Marino,Formación Tablazo Talara,0.918615126609802
196986,-667750.05663709,533324.015167641,Cenozoico,Marino,Formación Tablazo Talara,0.927162265777588
196987,-665749.276951281,533324.015167641,Cenozoico,Marino,Formación Tablazo Talara,0.915508258342743
196988,-663748.497265471,533324.015167641,Cenozoico,Marino,Formación Tablazo Talara,0.912750792503357
196991,-657746.158208044,533324.015167641,Cenozoico,Marino,Formación Tablazo Talara,0.933209979534149
197001,-637738.361349951,533324.015167641,Cenozoico,Continental,Depósito eólico,0.915540516376495
197002,-635737.581664142,533324.015167641,Cenozoico,Continental,Depósito eólico,0.894907784461975
197674,-683756.294123564,531324.479712411,Cenozoico,Continental,Depósito eólico,0.908237040042877
197683,-665749.276951281,531324.479712411,Cenozoico,Marino,Formación Tablazo Talara,0.921135413646698
197697,-637738.361349951,531324.479712411,Cenozoico,Continental,Formación Miramar,0.943634331226349
197698,-635737.581664142,531324.479712411,Cenozoico,Continental,Depósito eólico,0.906161081790924
198370,-683756.294123564,529324.94425718,Cenozoico,Marino,Formación Tablazo Talara,0.958580648899078
198377,-669750.836322899,529324.94425718,Cenozoico,Marino,Formación Tablazo Talara,0.907998585700989
198390,-643740.700407379,529324.94425718,Cenozoico,Continental,Depósito eólico,0.907107901573181
198392,-639739.141035761,529324.94425718,Cenozoico,Continental,Depósito eólico,0.896678555011749
198393,-637738.361349951,529324.94425718,Cenozoico,Continental,Formación Miramar,0.930753374099731
198394,-635737.581664142,529324.94425718,Cenozoico,Continental,Depósito eólico,0.904407739639282
199072,-671751.616008708,527325.40880195,Cenozoico,Marino,Formación Tablazo Talara,0.906178784370422
199090,-635737.581664142,527325.40880195,Cenozoico,Continental,Depósito eólico,0.914912414550781
199761,-685757.073809373,525325.87334672,Sin dato,Sin dato,"Gneis, esquisto",0.959857106208801
199785,-637738.361349951,525325.87334672,Cenozoico,Continental,Depósito eólico,0.896665346622467
199786,-635737.581664142,525325.87334672,Cenozoico,Continental,Formación Miramar,0.906855916976929
200481,-637738.361349951,523326.33789149,Cenozoico,Continental,Formación Miramar,0.929059517383575
200482,-635737.581664142,523326.33789149,Cenozoico,Continental,Formación Miramar,0.925938904285431
201154,-683756.294123564,521326.80243626,Cenozoico,Marino,Formación Tablazo Talara,0.95765665769577
201851,-681755.514437754,519327.26698103,Cenozoico,Marino,Formación Tablazo Talara,0.958580648899078
201852,-679754.734751945,519327.26698103,Cenozoico,Marino,Formación Tablazo Talara,0.935795450210571
201853,-677753.955066136,519327.26698103,Cenozoico,Marino,Formación Tablazo Talara,0.924457287788391
201871,-641739.92072157,519327.26698103,Cenozoico,Continental,Depósito eólico,0.894224655628204
202548,-679754.734751945,517327.7315258,Cenozoico,Marino,Formación Tablazo Talara,0.958580648899078
202549,-677753.955066136,517327.7315258,Cenozoico,Marino,Formación Tablazo Talara,0.954139602184296
202550,-675753.175380327,517327.7315258,Cenozoico,Marino,Formación Tablazo Talara,0.937385702133179
202551,-673752.395694518,517327.7315258,Cenozoico,Marino,Formación Tablazo Talara,0.922672927379608
202552,-671751.616008708,517327.7315258,Cenozoico,Marino,Formación Tablazo Talara,0.922943818569183
202553,-669750.836322899,517327.7315258,Cenozoico,Marino,Formación Tablazo Talara,0.932075798511505
203245,-677753.955066136,515328.196070569,Cenozoico,Marino,Formación Tablazo Talara,0.962074065208435
203246,-675753.175380327,515328.196070569,Cenozoico,Marino,Formación Tablazo Talara,0.945272207260132
203247,-673752.395694518,515328.196070569,Mesozoico,Continental,Formación Tortuga,0.95630943775177
203248,-671751.616008708,515328.196070569,Cenozoico,Marino,Formación Tablazo Talara,0.920812356472015
203249,-669750.836322899,515328.196070569,Cenozoico,Marino,Formación Tablazo Talara,0.920898771286011
203250,-667750.05663709,515328.196070569,Cenozoico,Marino,Formación Tablazo Talara,0.924450206756592
203251,-665749.276951281,515328.196070569,Cenozoico,Marino,Formación Tablazo Talara,0.919952774047852
203252,-663748.497265471,515328.196070569,Cenozoico,Marino,Formación Tablazo Talara,0.936048376560211
203256,-655745.378522235,515328.196070569,Cenozoico,Continental,Depósito eólico,0.897541606426239
203941,-677753.955066136,513328.660615339,Sin dato,Sin dato,Océano,0.935176503658295
203943,-673752.395694518,513328.660615339,Cenozoico,Marino,Formación Tablazo Talara,0.958580648899078
203944,-671751.616008708,513328.660615339,Cenozoico,Marino,Formación Tablazo Talara,0.944521582126617
203945,-669750.836322899,513328.660615339,Cenozoico,Marino,Formación Tablazo Talara,0.91762775182724
203946,-667750.05663709,513328.660615339,Cenozoico,Marino,Formación Tablazo Talara,0.888988780975342
203947,-665749.276951281,513328.660615339,Cenozoico,Marino,Formación Tablazo Talara,0.891479969024658
203948,-663748.497265471,513328.660615339,Cenozoico,Marino,Formación Tablazo Talara,0.935442209243774
204640,-671751.616008708,511329.125160109,Cenozoico,Marino,Depósito marino,0.951563227176666
204641,-669750.836322899,511329.125160109,Cenozoico,Marino,Formación Tablazo Talara,0.949361765384674
204642,-667750.05663709,511329.125160109,Cenozoico,Marino,Formación Tablazo Talara,0.934219300746918
204643,-665749.276951281,511329.125160109,Cenozoico,Marino,Formación Tablazo Talara,0.905121886730194
204645,-661747.717579662,511329.125160109,Cenozoico,Marino,Formación Tablazo Talara,0.905770099163055
205338,-667750.05663709,509329.589704879,Cenozoico,Marino,Formación Tablazo Talara,0.940951943397522
205339,-665749.276951281,509329.589704879,Cenozoico,Marino,Formación Tablazo Talara,0.932819712162018
206035,-665749.276951281,507330.054249649,Cenozoico,Marino,Formación Tablazo Talara,0.926278233528137
206036,-663748.497265471,507330.054249649,Cenozoico,Marino,Formación Tablazo Talara,0.91653904914856
206037,-661747.717579662,507330.054249649,Cenozoico,Marino,Formación Tablazo Talara,0.920593023300171
206043,-649743.039464807,507330.054249649,Cenozoico,Marino,Formación Tablazo Talara,0.920313584804535
206732,-663748.497265471,505330.518794419,Cenozoico,Continental,Depósito aluvial,0.903006935119629
206733,-661747.717579662,505330.518794419,Cenozoico,Marino,Formación Chira,0.949804925918579
206734,-659746.937893853,505330.518794419,Cenozoico,Marino,Formación Chira,0.963268482685089
206740,-647742.259778998,505330.518794419,Cenozoico,Marino,Formación Tablazo Talara,0.927976143360138
206741,-645741.480093188,505330.518794419,Cenozoico,Continental,Depósito eólico,0.899088370800018
206742,-643740.700407379,505330.518794419,Cenozoico,Marino,Formación Tablazo Talara,0.935982716083527
206743,-641739.92072157,505330.518794419,Cenozoico,Marino,Formación Tablazo Talara,0.909517407417297
206744,-639739.141035761,505330.518794419,Cenozoico,Marino,Formación Tablazo Talara,0.900309944152832
207429,-661747.717579662,503330.983339189,Cenozoico,Continental,Depósito eólico,0.911047387123108
207436,-647742.259778998,503330.983339189,Cenozoico,Marino,Formación Tablazo Talara,0.920178723335266
207438,-643740.700407379,503330.983339189,Cenozoico,Marino,Formación Tablazo Talara,0.919588816165924
207440,-639739.141035761,503330.983339189,Cenozoico,Marino,Formación Tablazo Talara,0.913297998905182
208126,-659746.937893853,501331.447883958,Cenozoico,Continental,Depósito eólico,0.910527157783508
208129,-653744.598836425,501331.447883958,Cenozoico,Marino,Formación Tablazo Talara,0.920711421966553
208133,-645741.480093188,501331.447883958,Cenozoico,Marino,Formación Tablazo Talara,0.925140309333801
208135,-641739.92072157,501331.447883958,Cenozoico,Marino,Formación Tablazo Talara,0.898862159252167
208823,-657746.158208044,499331.912428728,Cenozoico,Continental,Depósito eólico,0.911095881462097
209522,-651743.819150616,497332.376973498,Cenozoico,Marino,Formación Tablazo Talara,0.930659246444702
209525,-645741.480093188,497332.376973498,Cenozoico,Marino,Formación Tablazo Talara,0.913039803504944
210216,-655745.378522235,495332.841518268,Cenozoico,Continental,Depósito eólico,0.918782460689545
210218,-651743.819150616,495332.841518268,Cenozoico,Marino,Formación Tablazo Talara,0.920147442817688
210219,-649743.039464807,495332.841518268,Cenozoico,Marino,Formación Tablazo Talara,0.915859091281891
210916,-647742.259778998,493333.306063038,Cenozoico,Marino,Formación Tablazo Talara,0.915697884559631
210917,-645741.480093188,493333.306063038,Cenozoico,Marino,Formación Tablazo Talara,0.895824491977692
211613,-645741.480093188,491333.770607808,Cenozoico,Marino,Formación Tablazo Talara,0.929508018493652
215091,-649743.039464807,481336.093331657,Cenozoico,Continental,Depósito eólico,0.910059309005737
215803,-617730.564491859,479336.557876427,Cenozoico,Marino,Formación Zapallal - Miembro Superior,0.902756571769714
216484,-647742.259778998,477337.022421197,Cenozoico,Continental,Depósito eólico,0.910059309005737
216609,-397644.799052845,477337.022421197,Cenozoico,Continental,Formación Cajaruro,0.959511590003967
216610,-395644.019367035,477337.022421197,Cenozoico,Continental,Formación Chota - Miembro Superior,0.968960535526276
217180,-647742.259778998,475337.486965966,Cenozoico,Continental,Depósito eólico,0.90895471572876
217195,-617730.564491859,475337.486965966,Cenozoico,Marino,Formación Zapallal - Miembro Superior,0.905657529830933
217876,-647742.259778998,473337.951510736,Cenozoico,Continental,Depósito eólico,0.90895471572876
218572,-647742.259778998,471338.416055506,Cenozoico,Continental,Depósito eólico,0.90895471572876
218698,-395644.019367035,471338.416055506,Cenozoico,Continental,Formación Chota - Miembro Superior,0.949463319778442
218699,-393643.239681226,471338.416055506,Cenozoico,Continental,Formación Chota - Miembro Superior,0.953215396404266
218702,-387640.900623799,471338.416055506,Cenozoico,Marino,Formación Chota - Miembro Superior,0.970928752422333
219268,-647742.259778998,469338.880600276,Cenozoico,Continental,Depósito eólico,0.910059309005737
219397,-389641.680309608,469338.880600276,Cenozoico,Continental,Formación Chota - Miembro Superior,0.958428120613098
219402,-379637.781880562,469338.880600276,Cenozoico,Continental,Formación Chota - Miembro Superior,0.969593691825867
220099,-377637.002194752,467339.345145046,Cenozoico,Continental,Formación Chota - Miembro Superior,0.96594523191452
223431,-673752.395694518,457341.667868895,Cenozoico,Continental,Depósito fluvial,0.93146196603775
223433,-669750.836322899,457341.667868895,Cenozoico,Continental,Depósito fluvial,0.922410368919373
223442,-651743.819150616,457341.667868895,Cenozoico,Marino,Formación Tablazo Lobitos,0.90357757806778
224131,-665749.276951281,455342.132413665,Cenozoico,Marino,Formación Tablazo Lobitos,0.909713053703308
224132,-663748.497265471,455342.132413665,Cenozoico,Transicional,Formación Montera,0.988933145999908
224821,-677753.955066136,453342.596958435,Cenozoico,Continental,Depósito eólico,0.920336663722992
224822,-675753.175380327,453342.596958435,Cenozoico,Continental,Depósito fluvial,0.922290968894958
224830,-659746.937893853,453342.596958435,Cenozoico,Continental,Depósito aluvial,0.903006935119629
224831,-657746.158208044,453342.596958435,Cenozoico,Marino,Formación Tablazo Lobitos,0.90357757806778
225517,-677753.955066136,451343.061503205,Cenozoico,Continental,Depósito fluvial,0.916847085952759
225518,-675753.175380327,451343.061503205,Cenozoico,Continental,Depósito eólico,0.919544410705566
225534,-643740.700407379,451343.061503205,Cenozoico,Marino,Formación Zapallal - Miembro Superior,0.898617339134216
226213,-677753.955066136,449343.526047975,Cenozoico,Continental,Depósito fluvial,0.923822355270386
226221,-661747.717579662,449343.526047975,Cenozoico,Continental,Depósito aluvial,0.889778745174408
226230,-643740.700407379,449343.526047975,Cenozoico,Marino,Formación Tablazo Talara,0.933099448680878
226231,-641739.92072157,449343.526047975,Cenozoico,Marino,Formación Tablazo Talara,0.936843371391296
226232,-639739.141035761,449343.526047975,Cenozoico,Marino,Formación Tablazo Talara,0.910859751701355
226917,-661747.717579662,447343.990592744,Cenozoico,Transicional,Formación Montera,0.984832048416138
226918,-659746.937893853,447343.990592744,Cenozoico,Continental,Depósito fluvial,0.90500580072403
226924,-647742.259778998,447343.990592744,Cenozoico,Continental,Formación Miramar,0.938943088054657
226925,-645741.480093188,447343.990592744,Cenozoico,Marino,Formación Tablazo Talara,0.894525063037872
226926,-643740.700407379,447343.990592744,Cenozoico,Marino,Formación Tablazo Talara,0.917687928676605
226929,-637738.361349951,447343.990592744,Cenozoico,Marino,Formación Tablazo Talara,0.8998943567276
226931,-633736.801978333,447343.990592744,Cenozoico,Marino,Formación Tablazo Talara,0.917676782608032
227613,-661747.717579662,445344.455137514,Cenozoico,Continental,Depósito fluvial,0.899901115894318
227619,-649743.039464807,445344.455137514,Cenozoico,Marino,Formación Hornillos,0.973761677742004
227620,-647742.259778998,445344.455137514,Cenozoico,Marino,Formación Tablazo Talara,0.920453917980194
227628,-631736.022292524,445344.455137514,Cenozoico,Marino,Formación Tablazo Talara,0.931384384632111
228300,-679754.734751945,443344.919682284,Cenozoico,Continental,Depósito eólico,0.904726707935333
228313,-653744.598836425,443344.919682284,Cenozoico,Continental,Formación Miramar,0.918492901325226
228319,-641739.92072157,443344.919682284,Cenozoico,Marino,Formación Tablazo Talara,0.898666381835938
229706,-651743.819150616,439345.848771824,Cenozoico,Marino,Formación Tablazo Talara,0.917035520076752
229707,-649743.039464807,439345.848771824,Cenozoico,Marino,Formación Tablazo Talara,0.908016383647919
229708,-647742.259778998,439345.848771824,Cenozoico,Marino,Formación Tablazo Talara,0.920453917980194
229709,-645741.480093188,439345.848771824,Cenozoico,Marino,Formación Tablazo Talara,0.936087036132812
230388,-679754.734751945,437346.313316594,Cenozoico,Continental,Depósito fluvial,0.924428272247314
230405,-645741.480093188,437346.313316594,Cenozoico,Marino,Formación Tablazo Talara,0.923799347877502
230410,-635737.581664142,437346.313316594,Cenozoico,Marino,Formación Tablazo Talara,0.92676112651825
231095,-657746.158208044,435346.777861363,Cenozoico,Marino,Formación Chira,0.951464986801147
231097,-653744.598836425,435346.777861363,Cenozoico,Continental,Depósito eólico,0.889572179317474
231101,-645741.480093188,435346.777861363,Cenozoico,Marino,Formación Tablazo Talara,0.940643441677094
231102,-643740.700407379,435346.777861363,Cenozoico,Marino,Formación Zapallal - Miembro Superior,0.893918907642365
231103,-641739.92072157,435346.777861363,Cenozoico,Marino,Formación Zapallal - Miembro Superior,0.903629040718079
231112,-623732.903549287,435346.777861363,Cenozoico,Marino,Formación Tablazo Talara,0.932681012153625
231781,-677753.955066136,433347.242406133,Cenozoico,Continental,Depósito fluvial,0.935390388965607
231806,-627734.462920905,433347.242406133,Cenozoico,Marino,Formación Tablazo Talara,0.901456904411316
232488,-655745.378522235,431347.706950903,Cenozoico,Continental,Depósito eólico,0.907817625999451
232489,-653744.598836425,431347.706950903,Cenozoico,Continental,Depósito eólico,0.899840259552002
233174,-675753.175380327,429348.171495673,Cenozoico,Continental,Depósito eólico,0.90100793838501
233184,-655745.378522235,429348.171495673,Cenozoico,Continental,Depósito eólico,0.894642305374146
233185,-653744.598836425,429348.171495673,Cenozoico,Marino,Formación Tablazo Talara,0.94347950220108
233186,-651743.819150616,429348.171495673,Cenozoico,Marino,Formación Hornillos,0.969998240470886
233872,-671751.616008708,427348.636040443,Cenozoico,Continental,Depósito eólico,0.916552472114563
233879,-657746.158208044,427348.636040443,Cenozoico,Continental,Depósito eólico,0.90318740606308
233880,-655745.378522235,427348.636040443,Cenozoico,Marino,Formación Tablazo Talara,0.93916323184967
233883,-649743.039464807,427348.636040443,Cenozoico,Marino,Formación Zapallal - Miembro Inferior,0.978179359436035
234573,-661747.717579662,425349.100585213,Cenozoico,Continental,Depósito eólico,0.910127198696136
234574,-659746.937893853,425349.100585213,Cenozoico,Continental,Depósito eólico,0.90937705039978
234575,-657746.158208044,425349.100585213,Cenozoico,Marino,Formación Tablazo Talara,0.941470944881439
234576,-655745.378522235,425349.100585213,Cenozoico,Marino,Formación Tablazo Talara,0.937544465065002
234577,-653744.598836425,425349.100585213,Cenozoico,Marino,Formación Tablazo Talara,0.926387083530426
234578,-651743.819150616,425349.100585213,Cenozoico,Marino,Formación Tablazo Talara,0.909114849567413
234579,-649743.039464807,425349.100585213,Cenozoico,Marino,Formación Zapallal - Miembro Superior,0.902796876430511
234587,-633736.801978333,425349.100585213,Cenozoico,Marino,Formación Tablazo Talara,0.90960510969162
235267,-665749.276951281,423349.565129983,Cenozoico,Continental,Depósito eólico,0.915528559684753
235272,-655745.378522235,423349.565129983,Cenozoico,Continental,Formación Miramar,0.93509920835495
235273,-653744.598836425,423349.565129983,Cenozoico,Continental,Formación Miramar,0.922858190536499
235274,-651743.819150616,423349.565129983,Cenozoico,Continental,Formación Miramar,0.928324663639069
235275,-649743.039464807,423349.565129983,Cenozoico,Marino,Formación Tablazo Talara,0.941958391666412
235276,-647742.259778998,423349.565129983,Cenozoico,Marino,Formación Tablazo Talara,0.94819061756134
235279,-641739.92072157,423349.565129983,Cenozoico,Continental,Formación Miramar,0.944417357444763
235285,-629735.242606715,423349.565129983,Cenozoico,Marino,Formación Tablazo Talara,0.906012940406799
235291,-617730.564491859,423349.565129983,Cenozoico,Marino,Formación Tablazo Talara,0.898324191570282
235292,-615729.78480605,423349.565129983,Cenozoico,Marino,Formación Tablazo Talara,0.934322321414948
235293,-613729.005120241,423349.565129983,Cenozoico,Marino,Formación Tablazo Talara,0.923394334316254
235972,-647742.259778998,421350.029674752,Cenozoico,Marino,Formación Tablazo Talara,0.930595374107361
235973,-645741.480093188,421350.029674752,Cenozoico,Marino,Formación Tablazo Talara,0.911373066902161
235975,-641739.92072157,421350.029674752,Cenozoico,Marino,Formación Tablazo Talara,0.925629794597626
236662,-659746.937893853,419350.494219522,Cenozoico,Marino,Depósito marino,0.957233691215515
236670,-643740.700407379,419350.494219522,Cenozoico,Marino,Formación Tablazo Talara,0.918263757228851
236671,-641739.92072157,419350.494219522,Cenozoico,Marino,Formación Tablazo Talara,0.918731939792633
236675,-633736.801978333,419350.494219522,Cenozoico,Marino,Formación Tablazo Talara,0.893014788627625
237360,-655745.378522235,417350.958764292,Cenozoico,Continental,Depósito eólico,0.911095881462097
237370,-635737.581664142,417350.958764292,Cenozoico,Continental,Formación Miramar,0.924872756004333
237371,-633736.801978333,417350.958764292,Cenozoico,Continental,Formación Miramar,0.91847630739212
237372,-631736.022292524,417350.958764292,Cenozoico,Marino,Formación Tablazo Talara,0.899407994747162
238755,-649743.039464807,413351.887853832,Cenozoico,Continental,Depósito eólico,0.918782460689545
239452,-647742.259778998,411352.352398602,Cenozoico,Marino,Depósito marino,0.972529351711273
240149,-645741.480093188,409352.816943372,Cenozoico,Marino,Depósito marino,0.957233691215515
240150,-643740.700407379,409352.816943372,Cenozoico,Continental,Depósito eólico,0.918782460689545
240846,-643740.700407379,407353.281488141,Cenozoico,Marino,Depósito marino,0.957233691215515
242241,-637738.361349951,403354.210577681,Cenozoico,Marino,Depósito marino,0.972529351711273
243638,-627734.462920905,399355.139667221,Cenozoico,Continental,Depósito eólico,0.918782460689545
244336,-623732.903549287,397355.604211991,Cenozoico,Continental,Depósito eólico,0.918782460689545
245034,-619731.344177668,395356.06875676,Cenozoico,Continental,Depósito eólico,0.918782460689545
246430,-611728.225434432,391356.9978463,Cenozoico,Marino,Depósito marino,0.957233691215515
246431,-609727.445748622,391356.9978463,Cenozoico,Marino,Depósito marino,0.972529351711273
247129,-605725.886377004,389357.46239107,Cenozoico,Sin dato,Depósito marino,0.955789291858673
249222,-595721.987947958,383358.85602538,Cenozoico,Marino,Depósito marino,0.951563227176666
249920,-591720.428576339,381359.320570149,Cenozoico,Marino,Depósito marino,0.950174462795258
249921,-589719.64889053,381359.320570149,Cenozoico,Marino,Depósito marino,0.968138492107391
250618,-587718.869204721,379359.785114919,Cenozoico,Marino,Depósito marino,0.957233691215515
250619,-585718.089518912,379359.785114919,Cenozoico,Marino,Depósito marino,0.972529351711273
251316,-583717.309833102,377360.249659689,Cenozoico,Marino,Depósito marino,0.952388536930084
251317,-581716.530147293,377360.249659689,Cenozoico,Marino,Depósito marino,0.972529351711273
251347,-521693.139573017,377360.249659689,Cenozoico,Continental,Depósito fluvial,0.915401029586792
252014,-579715.750461484,375360.714204459,Cenozoico,Marino,Depósito marino,0.957233691215515
252712,-575714.191089866,373361.178749229,Cenozoico,Marino,Depósito marino,0.957233691215515
252713,-573713.411404056,373361.178749229,Cenozoico,Marino,Depósito marino,0.972529351711273
253410,-571712.631718247,371361.643293999,Cenozoico,Marino,Depósito marino,0.968138492107391
253435,-521693.139573017,371361.643293999,Cenozoico,Continental,Depósito eólico,0.907889091968536
253437,-517691.580201398,371361.643293999,Cenozoico,Continental,Depósito aluvial,0.882980155944824
254107,-569711.852032438,369362.107838769,Cenozoico,Marino,Depósito marino,0.957233691215515
254108,-567711.072346629,369362.107838769,Cenozoico,Marino,Depósito marino,0.972529351711273
254805,-565710.292660819,367362.572383538,Cenozoico,Marino,Depósito marino,0.972529351711273
254806,-563709.51297501,367362.572383538,Cenozoico,Marino,Depósito marino,0.972529351711273
254827,-521693.139573017,367362.572383538,Cenozoico,Continental,Depósito eólico,0.900175452232361
255503,-561708.733289201,365363.036928308,Cenozoico,Marino,Depósito marino,0.972529351711273
256200,-559707.953603392,363363.501473078,Cenozoico,Marino,Depósito marino,0.972529351711273
256897,-557707.173917583,361363.966017848,Cenozoico,Marino,Depósito marino,0.957233691215515
256898,-555706.394231773,361363.966017848,Cenozoico,Continental,Depósito eólico,0.918782460689545
258292,-551704.834860155,357364.895107388,Cenozoico,Continental,Depósito eólico,0.903245139122009
262471,-545702.495802727,345367.682376007,Cenozoico,Continental,Depósito eólico,0.918696117401123
262482,-523693.919258826,345367.682376007,Cenozoico,Continental,Depósito eólico,0.91130268573761
262483,-521693.139573017,345367.682376007,Cenozoico,Continental,Depósito eólico,0.918417870998383
262484,-519692.359887207,345367.682376007,Cenozoico,Continental,Depósito eólico,0.900107192993164
262488,-511689.24114397,345367.682376007,Cenozoico,Continental,Depósito aluvial,0.899595272541046
263178,-523693.919258826,343368.146920777,Cenozoico,Continental,Depósito eólico,0.931527423858643
263871,-529696.258316253,341368.611465546,Cenozoico,Continental,Depósito eólico,0.918204486370087
264561,-541700.936431109,339369.076010316,Cenozoico,Continental,Depósito eólico,0.903245139122009
264567,-529696.258316253,339369.076010316,Cenozoico,Continental,Depósito eólico,0.901080560684204
264568,-527695.478630444,339369.076010316,Cenozoico,Continental,Depósito eólico,0.931125140190125
264569,-525694.698944635,339369.076010316,Cenozoico,Continental,Depósito eólico,0.917367684841156
265955,-537699.37705949,335370.005099856,Cenozoico,Continental,Depósito aluvial,0.907741475105286
265967,-513690.02082978,335370.005099856,Cenozoico,Continental,Depósito eólico,0.902524554729462
265968,-511689.24114397,335370.005099856,Cenozoico,Continental,Depósito eólico,0.898196363449097
266652,-535698.597373681,333370.469644626,Cenozoico,Continental,Depósito aluvial,0.922014844417572
267349,-533697.817687872,331370.934189396,Cenozoico,Continental,Depósito aluvial,0.922014844417572
267358,-515690.800515589,331370.934189396,Cenozoico,Continental,Depósito eólico,0.927882516384125
268046,-531697.038002063,329371.398734166,Cenozoico,Continental,Depósito eólico,0.928582513332367
268047,-529696.258316253,329371.398734166,Cenozoico,Continental,Depósito fluvial,0.940414226055145
268743,-529696.258316253,327371.863278935,Sin dato,Sin dato,Océano,0.9572101354599
268744,-527695.478630444,327371.863278935,Cenozoico,Continental,Depósito aluvial,0.922014844417572
269441,-525694.698944635,325372.327823705,Cenozoico,Continental,Depósito aluvial,0.922014844417572
270138,-523693.919258826,323372.792368475,Cenozoico,Continental,Depósito aluvial,0.922014844417572
272228,-519692.359887207,317374.186002785,Sin dato,Sin dato,Océano,0.9572101354599
275013,-517691.580201398,309376.044181864,Cenozoico,Continental,Depósito aluvial,0.909902691841125
275018,-507687.681772352,309376.044181864,Cenozoico,Continental,Depósito aluvial,0.904587864875793
275714,-507687.681772352,307376.508726634,Cenozoico,Continental,Depósito aluvial,0.9111288189888
275715,-505686.902086543,307376.508726634,Cenozoico,Continental,Depósito aluvial,0.912085568904877
276411,-505686.902086543,305376.973271404,Cenozoico,Continental,Depósito aluvial,0.910094785690308
276412,-503686.122400734,305376.973271404,Cenozoico,Continental,Depósito aluvial,0.92078720331192
277104,-511689.24114397,303377.437816174,Cenozoico,Continental,Depósito aluvial,0.922014844417572
277803,-505686.902086543,301377.902360943,Cenozoico,Continental,Depósito aluvial,0.92724381685257
278499,-505686.902086543,299378.366905713,Cenozoico,Continental,Depósito aluvial,0.910064220428467
279194,-507687.681772352,297378.831450483,Cenozoico,Continental,Depósito aluvial,0.902992641925812
279195,-505686.902086543,297378.831450483,Cenozoico,Continental,Depósito aluvial,0.902338004112244
279198,-499684.563029115,297378.831450483,Cenozoico,Continental,Depósito aluvial,0.907481753826141
279892,-503686.122400734,295379.295995253,Cenozoico,Continental,Depósito aluvial,0.905748474597931
279893,-501685.342714924,295379.295995253,Cenozoico,Continental,Depósito aluvial,0.898362135887146
279895,-497683.783343306,295379.295995253,Cenozoico,Continental,Depósito aluvial,0.912966227531433
284074,-491681.444285878,283382.083263872,Cenozoico,Continental,Depósito eólico,0.898032939434052
284763,-505686.902086543,281382.547808642,Cenozoico,Continental,Depósito aluvial,0.904908585548401
284770,-491681.444285878,281382.547808642,Cenozoico,Continental,Depósito eólico,0.894078516960144
286163,-489680.664600069,277383.476898182,Cenozoico,Continental,Depósito fluvial,0.907715570926666
286858,-491681.444285878,275383.941442952,Cenozoico,Continental,Depósito eólico,0.90749706029892
286859,-489680.664600069,275383.941442952,Cenozoico,Continental,Depósito aluvial,0.902318513393402
288246,-499684.563029115,271384.870532491,Cenozoico,Continental,Depósito eólico,0.919443547725677
288943,-497683.783343306,269385.335077261,Cenozoico,Continental,Depósito aluvial,0.909902691841125
289639,-497683.783343306,267385.799622031,Cenozoico,Continental,Depósito aluvial,0.903006935119629
290336,-495683.003657497,265386.264166801,Cenozoico,Continental,Depósito eólico,0.920336663722992
291729,-493682.223971687,261387.19325634,Cenozoico,Continental,Depósito eólico,0.918646478652954
292426,-491681.444285878,259387.65780111,Cenozoico,Continental,Depósito eólico,0.919443547725677
293123,-489680.664600069,257388.12234588,Cenozoico,Continental,Depósito eólico,0.918696117401123
293128,-479676.766171023,257388.12234588,Cenozoico,Continental,Depósito eólico,0.902031278610229
293819,-489680.664600069,255388.58689065,Cenozoico,Continental,Depósito eólico,0.921400141716003
299390,-483678.325542641,239392.303248809,Cenozoico,Marino,Depósito marino,0.959483647346497
304970,-459668.969312931,223396.019606968,Cenozoico,Continental,Depósito aluvial 2,0.90792555809021
305666,-459668.969312931,221396.484151737,Cenozoico,Continental,Depósito fluvial,0.911917424201965
306362,-459668.969312931,219396.948696507,Cenozoico,Continental,Depósito aluvial,0.908659863471985
307057,-461669.74899874,217397.413241277,Cenozoico,Continental,Depósito aluvial,0.907741475105286
307058,-459668.969312931,217397.413241277,Cenozoico,Continental,Depósito aluvial,0.892669689655304
307059,-457668.189627121,217397.413241277,Cenozoico,Continental,Depósito eólico,0.899786472320557
307754,-459668.969312931,215397.877786047,Cenozoico,Transicional,Depósito marino,0.972950828075409
307755,-457668.189627121,215397.877786047,Cenozoico,Continental,Depósito aluvial,0.91147403717041
307756,-455667.409941312,215397.877786047,Cenozoico,Continental,Depósito aluvial,0.890649461746216
308452,-455667.409941312,213398.342330817,Cenozoico,Continental,Depósito aluvial,0.89385232925415
309849,-445663.511512266,209399.271420357,Cenozoico,Continental,Depósito eólico,0.90818018913269
312633,-445663.511512266,201401.129599436,Cenozoico,Transicional,Depósito marino,0.96321918964386
316117,-437660.392769029,191403.452323285,Cenozoico,Transicional,Depósito marino,0.966493737697601
323776,-431658.053711602,169408.562315754,Cenozoico,Transicional,Depósito marino,0.973651456832886
326565,-421654.155282555,161410.420494833,Cenozoico,Marino,Depósito marino,0.951410067081451
327960,-415651.816225128,157411.349584373,Cenozoico,Continental,Depósito eólico,0.928582513332367
330749,-405647.917796082,149413.207763452,Cenozoico,Continental,Depósito eólico,0.918358910083771
331442,-411650.256853509,147413.672308222,Cenozoico,Continental,Depósito eólico,0.906940615177155
331444,-407648.697481891,147413.672308222,Cenozoico,Continental,Depósito eólico,0.89473876953125
331445,-405647.917796082,147413.672308222,Cenozoico,Continental,Depósito aluvial 1,0.900306010246277
332140,-407648.697481891,145414.136852992,Cenozoico,Continental,Depósito eólico,0.927086341381073
332835,-409649.4771677,143414.601397762,Cenozoico,Continental,Depósito eólico,0.897706043720245
332842,-395644.019367035,143414.601397762,Cenozoico,Continental,Depósito fluvial,0.899376749992371
334227,-409649.4771677,139415.530487301,Cenozoico,Continental,Depósito eólico,0.922956311702728
334925,-405647.917796082,137415.995032071,Cenozoico,Continental,Depósito eólico,0.934036481380463
335618,-411650.256853509,135416.459576841,Cenozoico,Continental,Depósito eólico,0.925549161434174
335619,-409649.4771677,135416.459576841,Cenozoico,Continental,Depósito eólico,0.914337742328644
335621,-405647.917796082,135416.459576841,Cenozoico,Continental,Depósito eólico,0.926930105686188
336314,-411650.256853509,133416.924121611,Cenozoico,Transicional,Depósito marino,0.935574436187744
336315,-409649.4771677,133416.924121611,Cenozoico,Transicional,Depósito marino,0.973216640949249
336317,-405647.917796082,133416.924121611,Cenozoico,Continental,Depósito eólico,0.925617516040802
337010,-411650.256853509,131417.388666381,Cenozoico,Transicional,Depósito marino,0.97494136095047
337014,-403647.138110272,131417.388666381,Cenozoico,Continental,Depósito eólico,0.897375690937042
337015,-401646.358424463,131417.388666381,Cenozoico,Continental,Depósito eólico,0.932424771785736
337016,-399645.578738654,131417.388666381,Cenozoico,Continental,Depósito eólico,0.907751405239105
337707,-409649.4771677,129417.853211151,Cenozoico,Transicional,Depósito marino,0.97494136095047
337709,-405647.917796082,129417.853211151,Cenozoico,Transicional,Depósito marino,0.95925635099411
337711,-401646.358424463,129417.853211151,Cenozoico,Continental,Depósito eólico,0.927395534515381
338406,-403647.138110272,127418.31775592,Cenozoico,Transicional,Depósito marino,0.944369983673096
338407,-401646.358424463,127418.31775592,Cenozoico,Continental,Depósito eólico,0.927130746841431
339103,-401646.358424463,125418.78230069,Cenozoico,Transicional,Depósito marino,0.954057717323303
339797,-405647.917796082,123419.24684546,Cenozoico,Transicional,Depósito marino,0.97494136095047
339800,-399645.578738654,123419.24684546,Cenozoico,Continental,Depósito eólico,0.914798903465271
340494,-403647.138110272,121419.71139023,Cenozoico,Transicional,Depósito marino,0.969833540916443
340496,-399645.578738654,121419.71139023,Cenozoico,Transicional,Depósito marino,0.949462068080902
341194,-395644.019367035,119420.175935,Cenozoico,Continental,Depósito eólico,0.907660484313965
345369,-397644.799052845,107422.963203619,Cenozoico,Continental,Depósito fluvial,0.893347609043121
346065,-397644.799052845,105423.427748389,Cenozoico,Transicional,Depósito marino,0.976761269569397
346762,-395644.019367035,103423.892293159,Cenozoico,Transicional,Depósito marino,0.938859939575195
350249,-381638.561566371,93426.2150170078,Cenozoico,Continental,Depósito eólico,0.910918855667114
350941,-389641.680309608,91426.6795617777,Cenozoico,Transicional,Depósito marino,0.901815736293793
350942,-387640.900623799,91426.6795617777,Cenozoico,Transicional,Depósito marino,0.911278939247131
351636,-391642.459995417,89427.1441065475,Cenozoico,Transicional,Depósito marino,0.974093532562256
351637,-389641.680309608,89427.1441065475,Cenozoico,Transicional,Depósito marino,0.97494136095047
351638,-387640.900623799,89427.1441065475,Cenozoico,Transicional,Depósito marino,0.972313189506531
351639,-385640.120937989,89427.1441065475,Cenozoico,Transicional,Depósito marino,0.960264337062836
351642,-379637.781880562,89427.1441065475,Cenozoico,Continental,Depósito eólico,0.907828307151794
352337,-381638.561566371,87427.6086513174,Cenozoico,Continental,Depósito eólico,0.921147930622101
352338,-379637.781880562,87427.6086513174,Cenozoico,Continental,Depósito eólico,0.915983092784882
356527,-353627.645965042,75430.3959199365,Cenozoico,Continental,Deposito aluvial,0.937760698795319
357210,-379637.781880562,73430.8604647063,Cenozoico,Transicional,Depósito marino,0.96759397983551
357211,-377637.002194752,73430.8604647063,Cenozoico,Continental,Depósito eólico,0.925549161434174
357908,-375636.222508943,71431.3250094762,Cenozoico,Continental,Depósito eólico,0.933840978145599
357913,-365632.324079897,71431.3250094762,Cenozoico,Continental,Depósito eólico,0.898762309551239
357916,-359629.985022469,71431.3250094762,Cenozoico,Continental,Deposito aluvial,0.901939702033997
357920,-351626.866279233,71431.3250094762,Cenozoico,Continental,Deposito aluvial,0.930825865268707
358604,-375636.222508943,69431.789554246,Mesozoico,Marino,Grupo Casma - Formación Huarmey - Miembro Inferior,0.89543468952179
358605,-373635.442823134,69431.789554246,Cenozoico,Continental,Depósito eólico,0.933840978145599
358607,-369633.883451516,69431.789554246,Cenozoico,Continental,Depósito eólico,0.904621911048889
358608,-367633.103765706,69431.789554246,Cenozoico,Continental,Depósito eólico,0.895990765094757
358609,-365632.324079897,69431.789554246,Cenozoico,Continental,Deposito aluvial,0.922161340713501
358610,-363631.544394088,69431.789554246,Cenozoico,Continental,Deposito aluvial,0.941444551944733
359300,-375636.222508943,67432.2540990159,Mesozoico,Marino,Grupo Casma - Formación Huarmey - Miembro Medio,0.898147404193878
359301,-373635.442823134,67432.2540990159,Cenozoico,Continental,Depósito eólico,0.928582513332367
359302,-371634.663137325,67432.2540990159,Cenozoico,Continental,Depósito eólico,0.930888521671295
359303,-369633.883451516,67432.2540990159,Cenozoico,Continental,Depósito eólico,0.931053364276886
359304,-367633.103765706,67432.2540990159,Cenozoico,Continental,Depósito eólico,0.929351651668549
359996,-375636.222508943,65432.7186437857,Mesozoico,Marino,Grupo Casma - Formación Huarmey - Miembro Superior,0.951327240467072
359997,-373635.442823134,65432.7186437857,Cenozoico,Continental,Depósito eólico,0.910296046733856
359999,-369633.883451516,65432.7186437857,Cenozoico,Continental,Depósito eólico,0.89840190410614
360001,-365632.324079897,65432.7186437857,Cenozoico,Continental,Depósito eólico,0.929534900188446
360692,-375636.222508943,63433.1831885556,Mesozoico,Marino,Grupo Casma - Formación Huarmey - Miembro Superior,0.951422476768494
360693,-373635.442823134,63433.1831885556,Cenozoico,Continental,Depósito eólico,0.909475350379944
360697,-365632.324079897,63433.1831885556,Cenozoico,Continental,Depósito aluvial,0.913916611671448
361389,-373635.442823134,61433.6477333254,Mesozoico,Marino,Grupo Casma - Formación Huarmey - Miembro Superior,0.942717599868774
361390,-371634.663137325,61433.6477333254,Cenozoico,Continental,Depósito eólico,0.920336663722992
362090,-363631.544394088,59434.1122780953,Cenozoico,Continental,Depósito aluvial,0.903656911849976
364177,-365632.324079897,53435.5059124048,Cenozoico,Continental,Depósito aluvial,0.891739046573639
364872,-367633.103765706,51435.9704571747,Cenozoico,Continental,Depósito aluvial,0.900484430789948
364874,-363631.544394088,51435.9704571747,Cenozoico,Continental,Depósito aluvial,0.912966227531433
365570,-363631.544394088,49436.4350019445,Cenozoico,Continental,Depósito aluvial,0.900102519989014
367150,12515.0365380461,45437.3640914842,Cenozoico,Continental,"Formación Cachiyacu, Huchpayacu",0.972628331184387
369048,-367633.103765706,39438.7577257938,Cenozoico,Continental,Depósito eólico,0.924512112140656
371835,-361630.764708279,31440.6159048732,Cenozoico,Continental,Depósito eólico,0.90100793838501
371836,-359629.985022469,31440.6159048732,Cenozoico,Continental,Depósito eólico,0.928369164466858
372532,-359629.985022469,29441.080449643,Cenozoico,Continental,Depósito eólico,0.934036481380463
373228,-359629.985022469,27441.5449944129,Cenozoico,Continental,Depósito eólico,0.925549161434174
373925,-357629.20533666,25442.0095391827,Cenozoico,Continental,Depósito eólico,0.926070117950439
374622,-355628.425650851,23442.4740839526,Cenozoico,Continental,Depósito eólico,0.90100793838501
378103,-353627.645965042,13444.7968078018,Cenozoico,Continental,Depósito aluvial,0.92724381685257
379495,-353627.645965042,9445.72589734154,Cenozoico,Continental,Depósito eólico,0.925549161434174
380887,-353627.645965042,5446.65498688124,Cenozoico,Transicional,Depósito marino,0.942504799365997
382280,-351626.866279233,1447.58407642094,Mesozoico,Marino,Grupo Casma - Formación Huarmey - Miembro Inferior,0.89543468952179
383674,-347625.306907614,-2551.48683403936,Cenozoico,Continental,Depósito aluvial,0.913696193695068
385066,-347625.306907614,-6550.55774449965,Cenozoico,Continental,Depósito aluvial,0.906021201610565
385067,-345624.527221805,-6550.55774449965,Cenozoico,Continental,Depósito aluvial,0.894630873203278
385068,-343623.747535996,-6550.55774449965,Cenozoico,Continental,Depósito aluvial,0.89692018032074
388549,-341622.967850186,-16548.2350206504,Cenozoico,Continental,Depósito aluvial,0.900610399246216
389243,-345624.527221805,-18547.7704758806,Mesozoico,Marino,Grupo Casma - Formación Huarmey - Miembro Inferior,0.89543468952179
392033,-333619.84910695,-26545.9122968012,Cenozoico,Continental,Depósito aluvial,0.906716167926788
398300,-327617.510049522,-44541.7313938725,Cenozoico,Continental,Depósito eólico,0.907375776767731
398996,-327617.510049522,-46541.2668491027,Cenozoico,Continental,Depósito eólico,0.920336663722992
401784,-319614.391306285,-54539.4086700232,Cenozoico,Continental,Depósito aluvial,0.902870380878448
403176,-319614.391306285,-58538.4795804835,Cenozoico,Continental,Depósito aluvial,0.913540947437286
403177,-317613.611620476,-58538.4795804835,Cenozoico,Continental,Depósito aluvial,0.906691086292267
403873,-317613.611620476,-60538.0150357137,Cenozoico,Continental,Depósito aluvial,0.927693784236908
403874,-315612.831934667,-60538.0150357137,Cenozoico,Continental,Depósito aluvial,0.902126741409302
404569,-317613.611620476,-62537.5504909439,Cenozoico,Continental,Depósito marino,0.973411893844604
404570,-315612.831934667,-62537.5504909439,Cenozoico,Continental,Depósito aluvial,0.923653900623322
406659,-313612.052248857,-68536.1568566343,Cenozoico,Continental,Depósito aluvial,0.895106220245361
407356,-311611.272563048,-70535.6923118645,Cenozoico,Continental,Depósito aluvial,0.900313687324524
410142,-307609.71319143,-78533.834132785,Cenozoico,Continental,Depósito marino,0.957786726951599
417109,-293604.255390765,-98529.1886850865,Cenozoico,Continental,Depósito aluvial,0.894630873203278
417110,-291603.475704956,-98529.1886850865,Cenozoico,Continental,Depósito eólico,0.933158111572266
417805,-293604.255390765,-100528.724140317,Cenozoico,Continental,Depósito marino,0.967089700698853
418502,-291603.475704956,-102528.259595547,Cenozoico,Continental,Depósito marino,0.961008024215698
427554,-283600.356961719,-128522.220513539,Cenozoico,Continental,Depósito eólico,0.916552472114563
428251,-281599.57727591,-130521.755968769,Cenozoico,Continental,Depósito eólico,0.914577901363373
429642,-283600.356961719,-134520.826879229,Cenozoico,Continental,Depósito marino,0.951834082603455
430338,-283600.356961719,-136520.362334459,Cenozoico,Continental,Depósito eólico,0.915528559684753
430340,-279598.797590101,-136520.362334459,Cenozoico,Continental,Depósito eólico,0.886845242977142
430341,-277598.017904291,-136520.362334459,Cenozoico,Continental,Depósito eólico,0.901033449172974
431032,-287601.916333337,-138519.89778969,Cenozoico,Continental,Depósito eólico,0.932424771785736
431034,-283600.356961719,-138519.89778969,Cenozoico,Continental,Depósito eólico,0.931289553642273
431037,-277598.017904291,-138519.89778969,Cenozoico,Continental,Depósito eólico,0.918796408176422
431734,-275597.238218482,-140519.43324492,Cenozoico,Continental,Depósito eólico,0.920956993103027
432430,-275597.238218482,-142518.96870015,Cenozoico,Continental,Depósito eólico,0.91742250919342
433126,-275597.238218482,-144518.50415538,Cenozoico,Continental,Depósito eólico,0.899646723270416
433817,-285601.136647528,-146518.03961061,Cenozoico,Continental,Depósito eólico,0.910527157783508
433822,-275597.238218482,-146518.03961061,Cenozoico,Continental,Depósito eólico,0.903979444503784
434515,-281599.57727591,-148517.57506584,Cenozoico,Continental,Depósito eólico,0.918782460689545
435213,-277598.017904291,-150517.11052107,Cenozoico,Continental,Depósito eólico,0.918782460689545
435215,-273596.458532673,-150517.11052107,Cenozoico,Continental,Depósito eólico,0.909017205238342
435216,-271595.678846864,-150517.11052107,Cenozoico,Continental,Depósito eólico,0.917898654937744
435911,-273596.458532673,-152516.645976301,Cenozoico,Continental,Depósito eólico,0.911422574520111
435912,-271595.678846864,-152516.645976301,Cenozoico,Continental,Depósito eólico,0.917520499229431
437311,-257590.221046199,-156515.716886761,Cenozoico,Continental,Depósito eólico,0.92509548664093
438004,-263592.560103627,-158515.252341991,Cenozoico,Continental,Depósito eólico,0.933131742477417
438005,-261591.780417818,-158515.252341991,Cenozoico,Continental,Depósito eólico,0.919787561893463
438006,-259591.000732008,-158515.252341991,Cenozoico,Continental,Depósito eólico,0.908678412437439
438007,-257590.221046199,-158515.252341991,Cenozoico,Continental,Depósito eólico,0.913483273983002
438702,-259591.000732008,-160514.787797221,Cenozoico,Continental,Depósito eólico,0.930587768554688
439399,-257590.221046199,-162514.323252451,Sin dato,Sin dato,Océano,0.921377730369568
439400,-255589.44136039,-162514.323252451,Cenozoico,Continental,Depósito eólico,0.923338973522186
450546,-235581.644502298,-194506.890536134,Cenozoico,Continental,Depósito eólico,0.930587768554688
450547,-233580.864816488,-194506.890536134,Cenozoico,Continental,Depósito eólico,0.932424771785736
451243,-233580.864816488,-196506.425991364,Cenozoico,Continental,Depósito eólico,0.931316816806793
451937,-237582.424188107,-198505.961446594,Cenozoico,Continental,Depósito eólico,0.923984491825104
451938,-235581.644502298,-198505.961446594,Cenozoico,Continental,Depósito eólico,0.922784769535065
453329,-237582.424188107,-202505.032357054,Mesozoico,Marino,Grupo Puente Piedra - Formación Ancón,0.940094256401062
454025,-237582.424188107,-204504.567812284,Mesozoico,Marino,Grupo Puente Piedra - Formación Ancón,0.965856266021729
454722,-235581.644502298,-206504.103267515,Cenozoico,Continental,Depósito marino,0.967089700698853
456115,-233580.864816488,-210503.174177975,Mesozoico,Marino,Grupo Puente Piedra - Formación Ventanilla,0.948142468929291
458204,-231580.085130679,-216501.780543665,Cenozoico,Continental,Depósito fluvial,0.930497634410858
458206,-227578.525759061,-216501.780543665,Cenozoico,Continental,Depósito fluvial,0.896092629432678
458900,-231580.085130679,-218501.315998896,Cenozoico,Continental,Depósito fluvial,0.933766448497772
459596,-231580.085130679,-220500.851454126,Cenozoico,Continental,Depósito fluvial,0.933010387420654
460295,-225577.746073251,-222500.386909356,Cenozoico,Continental,"Depósito aluvial, fluvial",0.892274379730225
460987,-233580.864816488,-224499.922364586,Cenozoico,Continental,Depósito marino,0.933858847618103
460991,-225577.746073251,-224499.922364586,Mesozoico,Continental,Grupo Puente Piedra - Formación Ventanilla,0.935363006591797
462379,-233580.864816488,-228498.993275046,Cenozoico,Continental,Depósito aluvial,0.89907374382019
463070,-243584.763245535,-230498.528730276,Mesozoico,Transicional,Grupo Morro Solar - Formación Marcavilca,0.951658046245575
463071,-241583.983559725,-230498.528730276,Mesozoico,Transicional,Grupo Morro Solar - Formación Herradura,0.947306752204895
463767,-241583.983559725,-232498.064185507,Cenozoico,Continental,Depósito eólico,0.907224452495575
463768,-239583.203873916,-232498.064185507,Mesozoico,Transicional,Grupo Morro Solar - Formación Herradura,0.938397979736328
464465,-237582.424188107,-234497.599640737,Mesozoico,Transicional,Grupo Morro Solar - Formación Herradura,0.945518493652344
466561,-221576.186701633,-240496.206006427,Mesozoico,Transicional,Grupo Morro Solar - Formación Salto del Fraile,0.951042950153351
467257,-221576.186701633,-242495.741461657,Mesozoico,Transicional,Grupo Morro Solar - Formación Marcavilca,0.966170144081116
467953,-221576.186701633,-244495.276916888,Mesozoico,Transicional,Grupo Morro Solar - Formación Marcavilca,0.955810952186584
468653,-213573.067958396,-246494.812372118,Cenozoico,Continental,Depósito eólico,0.905112862586975
469350,-211572.288272587,-248494.347827348,Cenozoico,Continental,Depósito eólico,0.919438421726227
469352,-207570.728900968,-248494.347827348,Cenozoico,Continental,Depósito eólico,0.918429434299469
470051,-201568.389843541,-250493.883282578,Cenozoico,Continental,Depósito eólico,0.920778965950012
470748,-199567.610157732,-252493.418737808,Cenozoico,Continental,Depósito eólico,0.897109150886536
470749,-197566.830471922,-252493.418737808,Cenozoico,Continental,Depósito aluvial,0.890975320339203
472140,-199567.610157732,-256492.489648268,Cenozoico,Continental,Depósito eólico,0.911109459400177
472837,-197566.830471922,-258492.025103499,Cenozoico,Continental,Depósito aluvial,0.893689024448395
472838,-195566.050786113,-258492.025103499,Cenozoico,Continental,Depósito eólico,0.919548392295837
473533,-197566.830471922,-260491.560558729,Cenozoico,Continental,Depósito marino,0.973235654830933
473534,-195566.050786113,-260491.560558729,Cenozoico,Continental,Depósito eólico,0.925549161434174
474230,-195566.050786113,-262491.096013959,Cenozoico,Continental,Depósito eólico,0.918696117401123
474231,-193565.271100304,-262491.096013959,Cenozoico,Continental,Depósito eólico,0.912388968467712
474232,-191564.491414495,-262491.096013959,Cenozoico,Continental,Depósito eólico,0.914876425266266
474927,-193565.271100304,-264490.631469189,Cenozoico,Continental,Depósito marino,0.967821085453033
474928,-191564.491414495,-264490.631469189,Cenozoico,Continental,Depósito eólico,0.915127050876617
477711,-193565.271100304,-272488.77329011,Mesozoico,Marino,Formación Pamplona,0.902673673629761
478410,-187562.932042876,-274488.30874534,Cenozoico,Continental,Depósito eólico,0.923383760452271
479102,-195566.050786113,-276487.84420057,Mesozoico,Sin dato,Formación Pucusana,0.935214042663574
479799,-193565.271100304,-278487.3796558,Mesozoico,Marino,Formación Pucusana,0.921008861064911
481194,-187562.932042876,-282486.45056626,Mesozoico,Transicional,Formación Lurín,0.970535004138947
483981,-181560.592985449,-290484.592387181,Cenozoico,Continental,Depósito eólico,0.925549161434174
487463,-177559.03361383,-300482.269663332,Cenozoico,Continental,Depósito marino,0.955463075637817
488857,-173557.474242212,-304481.340573792,Cenozoico,Continental,Depósito eólico,0.905092644691467
490253,-165554.355498975,-308480.411484252,Cenozoico,Continental,Formación Cañete,0.933509540557861
490948,-167555.135184784,-310479.946939482,Cenozoico,Continental,Formación Cañete,0.954456043243408
490949,-165554.355498975,-310479.946939482,Cenozoico,Continental,Formación Cañete,0.963244533538818
491644,-167555.135184784,-312479.482394713,Cenozoico,Continental,Depósito eólico,0.919781184196472
491645,-165554.355498975,-312479.482394713,Cenozoico,Continental,Depósito eólico,0.926930105686188
492341,-165554.355498975,-314479.017849943,Cenozoico,Continental,Depósito marino,0.975180006027222
494430,-163553.575813166,-320477.624215633,Cenozoico,Continental,Formación Cañete,0.908929991722107
495126,-163553.575813166,-322477.159670863,Cenozoico,Continental,Depósito eólico,0.926492941379547
497215,-161552.796127356,-328475.766036554,Cenozoico,Continental,Depósito aluvial,0.909141182899475
500701,-149548.118012501,-338473.443312705,Cenozoico,Continental,Formación Cañete - Miembro Superior,0.922034800052643
509059,-137543.439897646,-362467.868775466,Cenozoico,Continental,Depósito residual,0.961286914348602
511149,-133541.880526027,-368466.475141157,Cenozoico,Continental,Formación Cañete - Miembro Inferior,0.905580461025238
512542,-131541.100840218,-372465.546051617,Cenozoico,Continental,Depósito marino,0.973235654830933
513935,-129540.321154409,-376464.616962077,Cenozoico,Continental,Depósito marino,0.961040115356445
520205,-117535.643039553,-394460.436059149,Cenozoico,Continental,Depósito residual,0.947003626823425
520898,-123537.982096981,-396459.971514379,Cenozoico,Continental,Depósito residual,0.959327411651611
520899,-121537.202411172,-396459.971514379,Cenozoico,Continental,Depósito residual,0.958522152900696
520900,-119536.422725363,-396459.971514379,Cenozoico,Continental,Depósito residual,0.935241508483887
520901,-117535.643039553,-396459.971514379,Cenozoico,Continental,Depósito residual,0.940452885627747
520903,-113534.083667935,-396459.971514379,Cenozoico,Continental,Depósito residual,0.948556864261627
520905,-109532.524296317,-396459.971514379,Cenozoico,Continental,Depósito residual,0.948822712898254
521593,-125538.76178279,-398459.506969609,Cenozoico,Continental,Depósito residual,0.957753670215607
521594,-123537.982096981,-398459.506969609,Cenozoico,Continental,Depósito residual,0.960444962978363
521595,-121537.202411172,-398459.506969609,Cenozoico,Continental,Depósito residual,0.959754967689514
521596,-119536.422725363,-398459.506969609,Cenozoico,Continental,Depósito residual,0.92286548614502
521601,-109532.524296317,-398459.506969609,Cenozoico,Continental,Depósito residual,0.951862835884094
521602,-107531.744610507,-398459.506969609,Cenozoico,Continental,Depósito residual,0.935935497283936
522289,-125538.76178279,-400459.042424839,Cenozoico,Marino,Formación Pisco,0.980566346645355
522290,-123537.982096981,-400459.042424839,Cenozoico,Continental,Depósito residual,0.968661940097809
522291,-121537.202411172,-400459.042424839,Cenozoico,Continental,Depósito residual,0.942391836643219
522293,-117535.643039553,-400459.042424839,Cenozoico,Continental,Depósito residual,0.942298591136932
522983,-129540.321154409,-402458.577880069,Cenozoico,Continental,Depósito marino,0.939360976219177
522984,-127539.5414686,-402458.577880069,Cenozoico,Marino,Formación Pisco,0.976929104328156
522985,-125538.76178279,-402458.577880069,Cenozoico,Marino,Formación Pisco,0.979840016365051
522987,-121537.202411172,-402458.577880069,Cenozoico,Continental,Depósito residual,0.932756102085114
523680,-127539.5414686,-404458.113335299,Cenozoico,Marino,Formación Pisco,0.974154210090637
523683,-121537.202411172,-404458.113335299,Cenozoico,Continental,Depósito residual,0.928396701812744
524377,-125538.76178279,-406457.64879053,Cenozoico,Continental,Formación Huamaní,0.959948718547821
527853,-133541.880526027,-416455.32606668,Cenozoico,Continental,Depósito residual,0.952185928821564
527854,-131541.100840218,-416455.32606668,Cenozoico,Continental,Depósito residual,0.955500161647797
527855,-129540.321154409,-416455.32606668,Cenozoico,Continental,Depósito residual,0.935968124866486
527856,-127539.5414686,-416455.32606668,Cenozoico,Continental,Depósito residual,0.947246789932251
528549,-133541.880526027,-418454.861521911,Cenozoico,Continental,Depósito residual,0.972925317287445
528550,-131541.100840218,-418454.861521911,Cenozoico,Continental,Depósito residual,0.954585015773773
528551,-129540.321154409,-418454.861521911,Cenozoico,Continental,Depósito residual,0.960569202899933
528552,-127539.5414686,-418454.861521911,Cenozoico,Continental,Depósito residual,0.953282058238983
528554,-123537.982096981,-418454.861521911,Cenozoico,Continental,Depósito residual,0.955822122097015
528556,-119536.422725363,-418454.861521911,Cenozoico,Continental,Depósito residual,0.938124620914459
529245,-133541.880526027,-420454.396977141,Cenozoico,Continental,Depósito residual,0.972925317287445
529246,-131541.100840218,-420454.396977141,Cenozoico,Continental,Depósito residual,0.940179979801178
529247,-129540.321154409,-420454.396977141,Cenozoico,Continental,Depósito residual,0.941580891609192
529248,-127539.5414686,-420454.396977141,Cenozoico,Continental,Depósito residual,0.955624485015869
529249,-125538.76178279,-420454.396977141,Cenozoico,Continental,Depósito residual,0.92904748916626
529936,-143545.778955073,-422453.932432371,Cenozoico,Continental,Depósito residual,0.971439504623413
529937,-141544.999269264,-422453.932432371,Cenozoico,Continental,Depósito residual,0.976953446865082
529941,-133541.880526027,-422453.932432371,Cenozoico,Continental,Depósito residual,0.956218099594116
529943,-129540.321154409,-422453.932432371,Cenozoico,Continental,Depósito residual,0.96345921754837
529944,-127539.5414686,-422453.932432371,Cenozoico,Continental,Depósito residual,0.92904748916626
529945,-125538.76178279,-422453.932432371,Cenozoico,Continental,Depósito residual,0.942402577400208
529946,-123537.982096981,-422453.932432371,Cenozoico,Continental,Depósito residual,0.930600869655609
530630,-147547.338326692,-424453.467887601,Cenozoico,Transicional,Grupo Los Choros - Formación Yumaque,0.977662396430969
530631,-145546.558640883,-424453.467887601,Cenozoico,Continental,Depósito residual,0.967085814476013
530633,-141544.999269264,-424453.467887601,Cenozoico,Continental,Depósito residual,0.972925317287445
530636,-135542.660211836,-424453.467887601,Cenozoico,Continental,Depósito residual,0.971108770370483
530637,-133541.880526027,-424453.467887601,Cenozoico,Continental,Depósito residual,0.946401524543762
530638,-131541.100840218,-424453.467887601,Cenozoico,Continental,Depósito residual,0.913375473022461
530639,-129540.321154409,-424453.467887601,Cenozoico,Continental,Depósito residual,0.958615386486053
530640,-127539.5414686,-424453.467887601,Cenozoico,Continental,Depósito residual,0.912527406215668
530642,-123537.982096981,-424453.467887601,Cenozoico,Continental,Depósito residual,0.939174377918243
531326,-147547.338326692,-426453.003342831,Cenozoico,Transicional,Grupo Los Choros - Formación Yumaque,0.981394970417023
531327,-145546.558640883,-426453.003342831,Cenozoico,Continental,Depósito residual,0.974805974960327
531328,-143545.778955073,-426453.003342831,Cenozoico,Continental,Depósito residual,0.976405119895935
531329,-141544.999269264,-426453.003342831,Cenozoico,Transicional,Grupo Los Choros - Formación Yumaque,0.988556969165802
531330,-139544.219583455,-426453.003342831,Cenozoico,Transicional,Grupo Los Choros - Formación Yumaque,0.976543045043945
531333,-133541.880526027,-426453.003342831,Cenozoico,Continental,Depósito residual,0.959112191200256
531334,-131541.100840218,-426453.003342831,Cenozoico,Continental,Depósito residual,0.9719358086586
531335,-129540.321154409,-426453.003342831,Cenozoico,Continental,Depósito residual,0.9552729845047
531337,-125538.76178279,-426453.003342831,Cenozoico,Continental,Depósito residual,0.929491305351257
531338,-123537.982096981,-426453.003342831,Cenozoico,Continental,Depósito residual,0.924618768692017
532022,-147547.338326692,-428452.538798061,Cenozoico,Transicional,Grupo Los Choros - Formación Yumaque,0.977094602584839
532023,-145546.558640883,-428452.538798061,Cenozoico,Continental,Depósito residual,0.968221354484558
532024,-143545.778955073,-428452.538798061,Cenozoico,Transicional,Grupo Los Choros - Formación Yumaque,0.979104673862457
532025,-141544.999269264,-428452.538798061,Cenozoico,Transicional,Grupo Los Choros - Formación Yumaque,0.981010973453522
532026,-139544.219583455,-428452.538798061,Cenozoico,Transicional,Grupo Los Choros - Formación Yumaque,0.989190018177032
532028,-135542.660211836,-428452.538798061,Cenozoico,Continental,Depósito residual,0.972925317287445
532029,-133541.880526027,-428452.538798061,Cenozoico,Transicional,Formación Los Choros,0.988167214393616
532031,-129540.321154409,-428452.538798061,Cenozoico,Transicional,Grupo Los Choros - Formación Yumaque,0.98862612247467
532032,-127539.5414686,-428452.538798061,Cenozoico,Continental,Depósito residual,0.959633576869965
532033,-125538.76178279,-428452.538798061,Cenozoico,Continental,Depósito residual,0.930785953998566
532034,-123537.982096981,-428452.538798061,Cenozoico,Continental,Depósito residual,0.943478512763977
532718,-147547.338326692,-430452.074253291,Cenozoico,Continental,Depósito residual,0.951016187667847
532719,-145546.558640883,-430452.074253291,Cenozoico,Transicional,Grupo Los Choros - Formación Yumaque,0.988101851940155
532720,-143545.778955073,-430452.074253291,Cenozoico,Continental,Depósito residual,0.963167333602905
532721,-141544.999269264,-430452.074253291,Cenozoico,Transicional,Grupo Los Choros - Formación Yumaque,0.988556969165802
532723,-137543.439897646,-430452.074253291,Cenozoico,Continental,Depósito residual,0.968668472766876
532724,-135542.660211836,-430452.074253291,Cenozoico,Transicional,Grupo Los Choros - Formación Yumaque,0.987155950069427
532725,-133541.880526027,-430452.074253291,Cenozoico,Transicional,Formación Los Choros,0.98677464723587
532727,-129540.321154409,-430452.074253291,Cenozoico,Transicional,Grupo Los Choros - Formación Yumaque,0.984670209884644
532728,-127539.5414686,-430452.074253291,Cenozoico,Continental,Depósito residual,0.962765419483185
532729,-125538.76178279,-430452.074253291,Cenozoico,Marino,Formación Pisco,0.983592629432678
532730,-123537.982096981,-430452.074253291,Cenozoico,Continental,Depósito residual,0.955240750312805
532731,-121537.202411172,-430452.074253291,Cenozoico,Continental,Depósito residual,0.948539841175079
532732,-119536.422725363,-430452.074253291,Cenozoico,Continental,Depósito residual,0.948745131492615
532734,-115534.863353744,-430452.074253291,Cenozoico,Continental,Depósito residual,0.932117104530334
532735,-113534.083667935,-430452.074253291,Cenozoico,Continental,Depósito residual,0.93647518157959
533414,-147547.338326692,-432451.609708522,Cenozoico,Transicional,Grupo Los Choros - Formación Yumaque,0.984917795658112
533415,-145546.558640883,-432451.609708522,Cenozoico,Continental,Depósito residual,0.964862418174744
533419,-137543.439897646,-432451.609708522,Cenozoico,Continental,Depósito residual,0.956374776363373
533421,-133541.880526027,-432451.609708522,Cenozoico,Transicional,Formación Los Choros,0.985026562213898
533422,-131541.100840218,-432451.609708522,Cenozoico,Transicional,Grupo Los Choros - Formación Yumaque,0.98306485414505
533423,-129540.321154409,-432451.609708522,Cenozoico,Transicional,Grupo Los Choros - Formación Yumaque,0.98734438419342
533424,-127539.5414686,-432451.609708522,Cenozoico,Continental,Depósito residual,0.96125100851059
533425,-125538.76178279,-432451.609708522,Cenozoico,Marino,Formación Pisco,0.977434062957764
533426,-123537.982096981,-432451.609708522,Cenozoico,Marino,Formación Pisco,0.981026697158813
533427,-121537.202411172,-432451.609708522,Cenozoico,Marino,Formación Pisco,0.961282634735107
533428,-119536.422725363,-432451.609708522,Cenozoico,Continental,Depósito residual,0.956765651702881
533429,-117535.643039553,-432451.609708522,Cenozoico,Continental,Depósito residual,0.938501846790314
533430,-115534.863353744,-432451.609708522,Cenozoico,Marino,Formación Pisco,0.960297858715057
533432,-111533.303982126,-432451.609708522,Cenozoico,Continental,Depósito residual,0.942982566356659
534114,-139544.219583455,-434451.145163752,Cenozoico,Transicional,Grupo Los Choros - Formación Yumaque,0.988556969165802
534115,-137543.439897646,-434451.145163752,Cenozoico,Transicional,Grupo Los Choros - Formación Yumaque,0.973523640632629
534116,-135542.660211836,-434451.145163752,Cenozoico,Continental,Depósito residual,0.948794829845428
534118,-131541.100840218,-434451.145163752,Cenozoico,Continental,Depósito residual,0.976038098335266
534119,-129540.321154409,-434451.145163752,Cenozoico,Transicional,Grupo Los Choros - Formación Yumaque,0.983257615566254
534120,-127539.5414686,-434451.145163752,Cenozoico,Continental,Depósito residual,0.968015944957733
534121,-125538.76178279,-434451.145163752,Cenozoico,Marino,Formación Pisco,0.977963531017303
534122,-123537.982096981,-434451.145163752,Cenozoico,Continental,Depósito residual,0.942993116378784
534123,-121537.202411172,-434451.145163752,Cenozoico,Marino,Formación Pisco,0.966594421863556
534125,-117535.643039553,-434451.145163752,Cenozoico,Marino,Formación Pisco,0.966162443161011
534126,-115534.863353744,-434451.145163752,Cenozoico,Marino,Formación Pisco,0.969356060028076
534127,-113534.083667935,-434451.145163752,Cenozoico,Marino,Formación Pisco,0.967773032188416
534128,-111533.303982126,-434451.145163752,Cenozoico,Continental,Depósito residual,0.94307861328125
534129,-109532.524296317,-434451.145163752,Cenozoico,Continental,Depósito residual,0.91440247297287
534811,-137543.439897646,-436450.680618982,Cenozoico,Transicional,Grupo Los Choros - Formación Yumaque,0.98921867609024
534813,-133541.880526027,-436450.680618982,Cenozoico,Transicional,Formación Los Choros,0.962027263641357
534814,-131541.100840218,-436450.680618982,Cenozoico,Continental,Depósito residual,0.969907295703888
534815,-129540.321154409,-436450.680618982,Cenozoico,Transicional,Formación Los Choros,0.984881854057312
534816,-127539.5414686,-436450.680618982,Cenozoico,Continental,Depósito residual,0.962041664123535
534817,-125538.76178279,-436450.680618982,Cenozoico,Marino,Formación Pisco,0.976284670829773
534818,-123537.982096981,-436450.680618982,Cenozoico,Marino,Formación Pisco,0.980513799190521
534819,-121537.202411172,-436450.680618982,Cenozoico,Marino,Formación Pisco,0.966915678977966
534820,-119536.422725363,-436450.680618982,Cenozoico,Continental,Depósito residual,0.946232914924622
534821,-117535.643039553,-436450.680618982,Cenozoico,Continental,Depósito residual,0.954995572566986
534822,-115534.863353744,-436450.680618982,Cenozoico,Marino,Formación Pisco,0.975739014148712
534823,-113534.083667935,-436450.680618982,Cenozoico,Marino,Formación Pisco,0.978811407089233
534824,-111533.303982126,-436450.680618982,Cenozoico,Continental,Depósito residual,0.955841946601868
535507,-137543.439897646,-438450.216074212,Cenozoico,Transicional,Grupo Los Choros - Formación Yumaque,0.989696490764618
535508,-135542.660211836,-438450.216074212,Cenozoico,Continental,Depósito residual,0.951413238048553
535509,-133541.880526027,-438450.216074212,Cenozoico,Transicional,Grupo Los Choros - Formación Yumaque,0.971793842315674
535510,-131541.100840218,-438450.216074212,Cenozoico,Transicional,Formación Los Choros,0.98383629322052
535511,-129540.321154409,-438450.216074212,Cenozoico,Continental,Depósito residual,0.95932320356369
535512,-127539.5414686,-438450.216074212,Cenozoico,Marino,Formación Pisco,0.973857927322388
535514,-123537.982096981,-438450.216074212,Cenozoico,Continental,Depósito residual,0.960427176952362
535515,-121537.202411172,-438450.216074212,Cenozoico,Continental,Depósito residual,0.952057790756226
535516,-119536.422725363,-438450.216074212,Cenozoico,Marino,Formación Pisco,0.980634331703186
535517,-117535.643039553,-438450.216074212,Cenozoico,Continental,Depósito residual,0.960273635387421
535518,-115534.863353744,-438450.216074212,Cenozoico,Marino,Formación Pisco,0.965078711509705
535519,-113534.083667935,-438450.216074212,Cenozoico,Continental,Depósito residual,0.955822813510895
535520,-111533.303982126,-438450.216074212,Cenozoico,Continental,Depósito residual,0.956702709197998
535522,-107531.744610507,-438450.216074212,Cenozoico,Continental,Depósito residual,0.937290155887604
535524,-103530.185238889,-438450.216074212,Cenozoico,Continental,Depósito residual,0.947703468799591
536204,-135542.660211836,-440449.751529442,Cenozoico,Continental,Depósito marino,0.96939355134964
536205,-133541.880526027,-440449.751529442,Cenozoico,Transicional,Grupo Los Choros - Formación Yumaque,0.986501336097717
536206,-131541.100840218,-440449.751529442,Cenozoico,Transicional,Grupo Los Choros - Formación Yumaque,0.982021701335907
536208,-127539.5414686,-440449.751529442,Cenozoico,Continental,Formación Chilcatay,0.978214728832245
536210,-123537.982096981,-440449.751529442,Cenozoico,Marino,Formación Pisco,0.978943526744843
536211,-121537.202411172,-440449.751529442,Cenozoico,Marino,Formación Pisco,0.979125785827637
536212,-119536.422725363,-440449.751529442,Cenozoico,Marino,Formación Pisco,0.959235751628876
536213,-117535.643039553,-440449.751529442,Cenozoico,Marino,Formación Pisco,0.975886595249176
536214,-115534.863353744,-440449.751529442,Cenozoico,Continental,Depósito residual,0.954187321662903
536215,-113534.083667935,-440449.751529442,Cenozoico,Continental,Depósito residual,0.954916203022003
536217,-109532.524296317,-440449.751529442,Cenozoico,Continental,Depósito residual,0.953055346012115
536218,-107531.744610507,-440449.751529442,Cenozoico,Continental,Depósito residual,0.955614268779755
536899,-137543.439897646,-442449.286984672,Cenozoico,Continental,Depósito marino,0.973411893844604
536900,-135542.660211836,-442449.286984672,Cenozoico,Continental,Depósito marino,0.960365796089172
536901,-133541.880526027,-442449.286984672,Cenozoico,Continental,Depósito residual,0.959801459312439
536902,-131541.100840218,-442449.286984672,Cenozoico,Continental,Depósito residual,0.970286440849304
536903,-129540.321154409,-442449.286984672,Cenozoico,Continental,Formación Chilcatay,0.96137820482254
536904,-127539.5414686,-442449.286984672,Cenozoico,Continental,Formación Chilcatay,0.954426991939545
536907,-121537.202411172,-442449.286984672,Cenozoico,Continental,Depósito residual,0.950775539875031
536908,-119536.422725363,-442449.286984672,Cenozoico,Continental,Depósito residual,0.930842936038971
536909,-117535.643039553,-442449.286984672,Cenozoico,Continental,Depósito residual,0.92849395275116
536910,-115534.863353744,-442449.286984672,Cenozoico,Continental,Depósito residual,0.958360576629639
536911,-113534.083667935,-442449.286984672,Cenozoico,Continental,Depósito residual,0.947132110595703
536914,-107531.744610507,-442449.286984672,Cenozoico,Continental,Depósito residual,0.955492639541626
536915,-105530.964924698,-442449.286984672,Cenozoico,Continental,Depósito residual,0.947121369838715
537596,-135542.660211836,-444448.822439902,Cenozoico,Transicional,Grupo Los Choros - Formación Yumaque,0.982451510429382
537597,-133541.880526027,-444448.822439902,Cenozoico,Continental,Depósito residual,0.973404610157013
537598,-131541.100840218,-444448.822439902,Cenozoico,Transicional,Grupo Los Choros - Formación Yumaque,0.986907005310059
537599,-129540.321154409,-444448.822439902,Cenozoico,Transicional,Grupo Los Choros - Formación Yumaque,0.973243045806885
537604,-119536.422725363,-444448.822439902,Cenozoico,Continental,Depósito residual,0.943044114112854
537605,-117535.643039553,-444448.822439902,Cenozoico,Continental,Depósito residual,0.917613458633423
537606,-115534.863353744,-444448.822439902,Cenozoico,Continental,Depósito residual,0.957270276546478
538292,-135542.660211836,-446448.357895133,Cenozoico,Continental,Depósito marino,0.976794016361237
538293,-133541.880526027,-446448.357895133,Cenozoico,Transicional,Grupo Los Choros - Formación Yumaque,0.985640287399292
538294,-131541.100840218,-446448.357895133,Cenozoico,Transicional,Grupo Los Choros - Formación Yumaque,0.97606942653656
538302,-115534.863353744,-446448.357895133,Cenozoico,Continental,Depósito residual,0.953055346012115
538308,-103530.185238889,-446448.357895133,Cenozoico,Continental,Depósito residual,0.909419584274292
538309,-101529.40555308,-446448.357895133,Cenozoico,Continental,Depósito residual,0.907377552986145
538988,-135542.660211836,-448447.893350363,Cenozoico,Transicional,Grupo Los Choros - Formación Yumaque,0.988823986053467
538991,-129540.321154409,-448447.893350363,Cenozoico,Transicional,Grupo Los Choros - Formación Yumaque,0.950309228897095
538994,-123537.982096981,-448447.893350363,Cenozoico,Continental,Depósito residual,0.951909685134888
538998,-115534.863353744,-448447.893350363,Cenozoico,Continental,Depósito residual,0.954013693332672
539000,-111533.303982126,-448447.893350363,Cenozoico,Continental,Depósito residual,0.94941657781601
539684,-135542.660211836,-450447.428805593,Cenozoico,Transicional,Grupo Los Choros - Formación Yumaque,0.976951968669891
539686,-131541.100840218,-450447.428805593,Cenozoico,Transicional,Grupo Los Choros - Formación Yumaque,0.982005083560944
539687,-129540.321154409,-450447.428805593,Cenozoico,Transicional,Grupo Los Choros - Formación Yumaque,0.96143786907196
539693,-117535.643039553,-450447.428805593,Cenozoico,Continental,Depósito residual,0.911634266376495
539694,-115534.863353744,-450447.428805593,Cenozoico,Continental,Depósito residual,0.954560136795044
539695,-113534.083667935,-450447.428805593,Cenozoico,Continental,Depósito residual,0.954321241378784
539699,-105530.964924698,-450447.428805593,Cenozoico,Continental,Depósito residual,0.955026459693909
539701,-101529.40555308,-450447.428805593,Cenozoico,Continental,Depósito residual,0.944780218601227
540380,-135542.660211836,-452446.964260823,Cenozoico,Transicional,Grupo Los Choros - Formación Yumaque,0.980783450603485
540382,-131541.100840218,-452446.964260823,Cenozoico,Transicional,Grupo Los Choros - Formación Yumaque,0.981827139854431
540383,-129540.321154409,-452446.964260823,Cenozoico,Transicional,Grupo Los Choros - Formación Yumaque,0.979007208347321
540385,-125538.76178279,-452446.964260823,Cenozoico,Transicional,Grupo Los Choros - Formación Yumaque,0.967183411121368
540389,-117535.643039553,-452446.964260823,Cenozoico,Continental,Depósito residual,0.954181826114655
540390,-115534.863353744,-452446.964260823,Cenozoico,Continental,Depósito residual,0.955492639541626
541076,-135542.660211836,-454446.499716053,Cenozoico,Transicional,Grupo Los Choros - Formación Yumaque,0.979456925392151
541078,-131541.100840218,-454446.499716053,Cenozoico,Transicional,Grupo Los Choros - Formación Yumaque,0.983489155769348
541079,-129540.321154409,-454446.499716053,Cenozoico,Transicional,Grupo Los Choros - Formación Yumaque,0.985213959217072
541080,-127539.5414686,-454446.499716053,Cenozoico,Transicional,Grupo Los Choros - Formación Yumaque,0.982716310024261
541081,-125538.76178279,-454446.499716053,Cenozoico,Transicional,Grupo Los Choros - Formación Yumaque,0.978999972343445
541084,-119536.422725363,-454446.499716053,Cenozoico,Continental,Depósito residual,0.959118711948395
541094,-99528.6258672704,-454446.499716053,Cenozoico,Continental,Depósito residual,0.910182750225067
541771,-137543.439897646,-456446.035171283,Cenozoico,Transicional,Grupo Los Choros - Formación Yumaque,0.987155950069427
541772,-135542.660211836,-456446.035171283,Cenozoico,Transicional,Grupo Los Choros - Formación Yumaque,0.985793364048004
541773,-133541.880526027,-456446.035171283,Cenozoico,Transicional,Grupo Los Choros - Formación Yumaque,0.988101851940155
541774,-131541.100840218,-456446.035171283,Cenozoico,Transicional,Formación Los Choros,0.987764942646027
541775,-129540.321154409,-456446.035171283,Cenozoico,Continental,Depósito residual,0.956799471378326
541776,-127539.5414686,-456446.035171283,Cenozoico,Transicional,Grupo Los Choros - Formación Yumaque,0.980828309059143
541777,-125538.76178279,-456446.035171283,Cenozoico,Transicional,Grupo Los Choros - Formación Yumaque,0.978029108047485
541780,-119536.422725363,-456446.035171283,Cenozoico,Continental,Depósito residual,0.950302731990814
541781,-117535.643039553,-456446.035171283,Cenozoico,Continental,Depósito residual,0.951549732685089
541787,-105530.964924698,-456446.035171283,Cenozoico,Continental,Depósito residual,0.939203929901123
541791,-97527.8461814612,-456446.035171283,Cenozoico,Continental,Depósito residual,0.906745898723602
541792,-95527.066495652,-456446.035171283,Cenozoico,Continental,Depósito residual,0.900112080574036
541794,-91525.5071240335,-456446.035171283,Cenozoico,Continental,Depósito residual,0.955101311206818
541796,-87523.9477524151,-456446.035171283,Cenozoico,Continental,Depósito residual,0.952068388462067
542467,-137543.439897646,-458445.570626514,Cenozoico,Transicional,Grupo Los Choros - Formación Yumaque,0.988544523715973
542468,-135542.660211836,-458445.570626514,Cenozoico,Transicional,Grupo Los Choros - Formación Yumaque,0.988544523715973
542469,-133541.880526027,-458445.570626514,Cenozoico,Transicional,Formación Los Choros,0.98891179561615
542470,-131541.100840218,-458445.570626514,Cenozoico,Transicional,Formación Los Choros,0.988714051246643
542471,-129540.321154409,-458445.570626514,Cenozoico,Continental,Depósito residual,0.971220624446869
542472,-127539.5414686,-458445.570626514,Cenozoico,Continental,Depósito residual,0.976405119895935
542473,-125538.76178279,-458445.570626514,Cenozoico,Transicional,Grupo Los Choros - Formación Yumaque,0.980884516239166
542474,-123537.982096981,-458445.570626514,Cenozoico,Transicional,Grupo Los Choros - Formación Yumaque,0.977608847618103
542475,-121537.202411172,-458445.570626514,Cenozoico,Continental,Formación Chilcatay,0.973056995868683
542476,-119536.422725363,-458445.570626514,Cenozoico,Continental,Formación Chilcatay,0.96975349187851
542477,-117535.643039553,-458445.570626514,Cenozoico,Continental,Depósito residual,0.956511580944061
542479,-113534.083667935,-458445.570626514,Cenozoico,Continental,Depósito residual,0.912639164924622
542490,-91525.5071240335,-458445.570626514,Cenozoico,Continental,Depósito residual,0.957514202594757
542492,-87523.9477524151,-458445.570626514,Cenozoico,Continental,Depósito residual,0.947846162319183
543163,-137543.439897646,-460445.106081744,Cenozoico,Transicional,Formación Los Choros,0.983825886249542
543164,-135542.660211836,-460445.106081744,Cenozoico,Continental,Depósito residual,0.953668797016144
543167,-129540.321154409,-460445.106081744,Cenozoico,Transicional,Formación Los Choros,0.982641673088074
543170,-123537.982096981,-460445.106081744,Cenozoico,Transicional,Grupo Los Choros - Formación Yumaque,0.975060570240021
543171,-121537.202411172,-460445.106081744,Cenozoico,Continental,Formación Chilcatay,0.979014015197754
543173,-117535.643039553,-460445.106081744,Cenozoico,Continental,Formación Chilcatay,0.975051426887512
543174,-115534.863353744,-460445.106081744,Cenozoico,Continental,Depósito residual,0.951155114173889
543176,-111533.303982126,-460445.106081744,Cenozoico,Continental,Formación Chilcatay,0.957152235507965
543177,-109532.524296317,-460445.106081744,Cenozoico,Continental,Depósito residual,0.916079759597778
543182,-99528.6258672704,-460445.106081744,Cenozoico,Continental,Depósito residual,0.954483568668365
543183,-97527.8461814612,-460445.106081744,Cenozoico,Continental,Depósito residual,0.956025636196136
543865,-125538.76178279,-462444.641536974,Cenozoico,Transicional,Formación Los Choros,0.980370080471039
543866,-123537.982096981,-462444.641536974,Cenozoico,Transicional,Grupo Los Choros - Formación Yumaque,0.978866803646088
543867,-121537.202411172,-462444.641536974,Cenozoico,Continental,Formación Chilcatay,0.979435694217682
543868,-119536.422725363,-462444.641536974,Cenozoico,Continental,Formación Chilcatay,0.976565062999725
543869,-117535.643039553,-462444.641536974,Cenozoico,Continental,Formación Chilcatay,0.963144934177399
543870,-115534.863353744,-462444.641536974,Cenozoico,Continental,Depósito residual,0.953812396526337
543873,-109532.524296317,-462444.641536974,Cenozoico,Continental,Formación Chilcatay,0.952147305011749
543876,-103530.185238889,-462444.641536974,Cenozoico,Continental,Depósito residual,0.950485157966614
543880,-95527.066495652,-462444.641536974,Cenozoico,Continental,Depósito residual,0.941764283180237
543881,-93526.2868098427,-462444.641536974,Cenozoico,Continental,Depósito residual,0.944119274616241
544560,-127539.5414686,-464444.176992204,Cenozoico,Transicional,Formación Los Choros,0.985014879703522
544562,-123537.982096981,-464444.176992204,Cenozoico,Transicional,Formación Los Choros,0.970246684551239
544564,-119536.422725363,-464444.176992204,Cenozoico,Continental,Formación Chilcatay,0.974036538600922
544566,-115534.863353744,-464444.176992204,Cenozoico,Continental,Depósito residual,0.950301492214203
544572,-103530.185238889,-464444.176992204,Cenozoico,Continental,Depósito residual,0.92951397895813
544574,-99528.6258672704,-464444.176992204,Cenozoico,Continental,Depósito residual,0.95794951915741
544576,-95527.066495652,-464444.176992204,Cenozoico,Continental,Depósito residual,0.921946370601654
545257,-125538.76178279,-466443.712447434,Cenozoico,Continental,Depósito eólico,0.933840978145599
545258,-123537.982096981,-466443.712447434,Cenozoico,Transicional,Formación Los Choros,0.983825886249542
545259,-121537.202411172,-466443.712447434,Cenozoico,Transicional,Grupo Los Choros - Formación Yumaque,0.967081546783447
545262,-115534.863353744,-466443.712447434,Cenozoico,Continental,Depósito residual,0.952818477153778
545269,-101529.40555308,-466443.712447434,Cenozoico,Continental,Depósito residual,0.950971186161041
545270,-99528.6258672704,-466443.712447434,Cenozoico,Continental,Depósito residual,0.921946370601654
545272,-95527.066495652,-466443.712447434,Cenozoico,Continental,Depósito residual,0.916745734214783
545955,-121537.202411172,-468443.247902664,Cenozoico,Transicional,Grupo Los Choros - Formación Yumaque,0.979131197929382
545956,-119536.422725363,-468443.247902664,Cenozoico,Continental,Formación Chilcatay,0.961889564990997
545957,-117535.643039553,-468443.247902664,Cenozoico,Marino,Formación Pisco,0.970632112026215
545959,-113534.083667935,-468443.247902664,Cenozoico,Continental,Depósito residual,0.955661988258362
545962,-107531.744610507,-468443.247902664,Cenozoico,Continental,Depósito residual,0.935392355918884
545969,-93526.2868098427,-468443.247902664,Cenozoico,Continental,Depósito residual,0.954369485378265
546651,-121537.202411172,-470442.783357894,Cenozoico,Continental,Depósito residual,0.956114912033081
546652,-119536.422725363,-470442.783357894,Cenozoico,Transicional,Grupo Los Choros - Formación Yumaque,0.963302075862885
546656,-111533.303982126,-470442.783357894,Cenozoico,Continental,Depósito residual,0.947007811069489
546661,-101529.40555308,-470442.783357894,Cenozoico,Continental,Depósito residual,0.949878859519958
546662,-99528.6258672704,-470442.783357894,Cenozoico,Continental,Depósito residual,0.903248274326324
547347,-121537.202411172,-472442.318813125,Cenozoico,Continental,Formación Chilcatay,0.974624860286713
547349,-117535.643039553,-472442.318813125,Cenozoico,Continental,Depósito residual,0.928285539150238
547350,-115534.863353744,-472442.318813125,Cenozoico,Marino,Formación Pisco,0.955478823184967
547351,-113534.083667935,-472442.318813125,Cenozoico,Continental,Depósito residual,0.93830281496048
547352,-111533.303982126,-472442.318813125,Cenozoico,Marino,Formación Pisco,0.970036816596985
547358,-99528.6258672704,-472442.318813125,Cenozoico,Continental,Depósito residual,0.910314095020294
547360,-95527.066495652,-472442.318813125,Cenozoico,Continental,Depósito residual,0.954169690608978
548046,-115534.863353744,-474441.854268355,Cenozoico,Continental,Depósito residual,0.949993419647217
548048,-111533.303982126,-474441.854268355,Cenozoico,Continental,Depósito residual,0.945997190475464
548049,-109532.524296317,-474441.854268355,Cenozoico,Marino,Formación Pisco,0.97169086933136
548053,-101529.40555308,-474441.854268355,Cenozoico,Continental,Depósito residual,0.956025636196136
548054,-99528.6258672704,-474441.854268355,Cenozoico,Continental,Depósito residual,0.944780218601227
548056,-95527.066495652,-474441.854268355,Cenozoico,Continental,Depósito residual,0.938461232185364
548064,-79520.8290091782,-474441.854268355,Cenozoico,Marino,Formación Pisco,0.975059771537781
548743,-113534.083667935,-476441.389723585,Cenozoico,Marino,Formación Pisco,0.959275007247925
548744,-111533.303982126,-476441.389723585,Cenozoico,Continental,Depósito residual,0.945565259456635
548745,-109532.524296317,-476441.389723585,Cenozoico,Continental,Depósito residual,0.941845798492432
548751,-97527.8461814612,-476441.389723585,Cenozoico,Continental,Depósito residual,0.935786783695221
548753,-93526.2868098427,-476441.389723585,Cenozoico,Continental,Depósito residual,0.954361343383789
548754,-91525.5071240335,-476441.389723585,Cenozoico,Marino,Formación Pisco,0.967919731140137
548760,-79520.8290091782,-476441.389723585,Cenozoico,Marino,Formación Pisco,0.973834300041199
549436,-119536.422725363,-478440.925178815,Cenozoico,Continental,Depósito residual,0.967301738262177
549440,-111533.303982126,-478440.925178815,Cenozoico,Continental,Depósito residual,0.935574424266815
549441,-109532.524296317,-478440.925178815,Cenozoico,Continental,Depósito residual,0.955142092704773
549448,-95527.066495652,-478440.925178815,Cenozoico,Marino,Formación Pisco,0.965010523796082
549449,-93526.2868098427,-478440.925178815,Cenozoico,Marino,Formación Pisco,0.95062689781189
549450,-91525.5071240335,-478440.925178815,Cenozoico,Marino,Formación Pisco,0.976272964477539
549456,-79520.8290091782,-478440.925178815,Cenozoico,Marino,Formación Pisco,0.965772867202759
550137,-109532.524296317,-480440.460634045,Cenozoico,Continental,Depósito residual,0.947519993782043
550143,-97527.8461814612,-480440.460634045,Cenozoico,Marino,Formación Pisco,0.97523387670517
550144,-95527.066495652,-480440.460634045,Cenozoico,Marino,Formación Pisco,0.975942778587341
550146,-91525.5071240335,-480440.460634045,Cenozoico,Continental,Depósito residual,0.911634266376495
550147,-89524.7274382243,-480440.460634045,Cenozoico,Marino,Formación Pisco,0.973900318145752
550148,-87523.9477524151,-480440.460634045,Cenozoico,Continental,Depósito residual,0.902058732509613
550152,-79520.8290091782,-480440.460634045,Cenozoico,Marino,Formación Pisco,0.975371539592743
550829,-117535.643039553,-482439.996089275,Cenozoico,Continental,Depósito residual,0.944960165023804
550830,-115534.863353744,-482439.996089275,Cenozoico,Transicional,Grupo Los Choros - Formación Yumaque,0.96488733291626
550836,-103530.185238889,-482439.996089275,Cenozoico,Continental,Depósito residual,0.947121369838715
550837,-101529.40555308,-482439.996089275,Cenozoico,Continental,Depósito residual,0.949812364578247
550838,-99528.6258672704,-482439.996089275,Cenozoico,Continental,Formación Chilcatay,0.96571249961853
550839,-97527.8461814612,-482439.996089275,Cenozoico,Continental,Formación Chilcatay,0.967936706542969
550840,-95527.066495652,-482439.996089275,Cenozoico,Marino,Formación Pisco,0.975924503803253
550841,-93526.2868098427,-482439.996089275,Cenozoico,Marino,Formación Pisco,0.973900318145752
550842,-91525.5071240335,-482439.996089275,Cenozoico,Continental,Depósito residual,0.912750172615051
551526,-115534.863353744,-484439.531544506,Cenozoico,Continental,Depósito residual,0.967085814476013
551527,-113534.083667935,-484439.531544506,Cenozoico,Transicional,Grupo Los Choros - Formación Yumaque,0.959367513656616
551529,-109532.524296317,-484439.531544506,Cenozoico,Continental,Depósito residual,0.952818477153778
551534,-99528.6258672704,-484439.531544506,Cenozoico,Transicional,Grupo Los Choros - Formación Yumaque,0.973380076885223
551535,-97527.8461814612,-484439.531544506,Cenozoico,Continental,Formación Chilcatay,0.955029892921448
551536,-95527.066495652,-484439.531544506,Cenozoico,Continental,Formación Chilcatay,0.956399762630463
551539,-89524.7274382243,-484439.531544506,Cenozoico,Marino,Formación Pisco,0.948474419116974
551551,-65515.3712085136,-484439.531544506,Cenozoico,Marino,Formación Pisco,0.971091187000275
552223,-113534.083667935,-486439.066999736,Cenozoico,Continental,Depósito residual,0.962965500354767
552229,-101529.40555308,-486439.066999736,Cenozoico,Transicional,Grupo Los Choros - Formación Yumaque,0.974351155757904
552232,-95527.066495652,-486439.066999736,Cenozoico,Continental,Formación Chilcatay,0.972495198249817
552233,-93526.2868098427,-486439.066999736,Cenozoico,Marino,Formación Pisco,0.975029075145721
552234,-91525.5071240335,-486439.066999736,Cenozoico,Marino,Formación Pisco,0.972109019756317
552236,-87523.9477524151,-486439.066999736,Cenozoico,Marino,Formación Pisco,0.94465571641922
552241,-77520.049323369,-486439.066999736,Cenozoico,Marino,Formación Pisco,0.973834300041199
552925,-101529.40555308,-488438.602454966,Cenozoico,Continental,Depósito residual,0.956852614879608
552926,-99528.6258672704,-488438.602454966,Cenozoico,Transicional,Formación Los Choros,0.948282074928284
552930,-91525.5071240335,-488438.602454966,Cenozoico,Marino,Formación Pisco,0.972041249275208
552931,-89524.7274382243,-488438.602454966,Cenozoico,Marino,Formación Pisco,0.973345732688904
552933,-85523.1680666059,-488438.602454966,Cenozoico,Marino,Formación Pisco,0.950433480739594
552937,-77520.049323369,-488438.602454966,Cenozoico,Marino,Formación Pisco,0.972837245464325
552943,-65515.3712085136,-488438.602454966,Cenozoico,Marino,Formación Pisco,0.973125541210175
553617,-109532.524296317,-490438.137910196,Cenozoico,Continental,Depósito residual,0.946953511238098
553618,-107531.744610507,-490438.137910196,Cenozoico,Continental,Depósito residual,0.944560348987579
553619,-105530.964924698,-490438.137910196,Cenozoico,Continental,Formación Chilcatay,0.95567102432251
553621,-101529.40555308,-490438.137910196,Cenozoico,Continental,Depósito residual,0.952813959121704
553627,-89524.7274382243,-490438.137910196,Cenozoico,Continental,Depósito residual,0.952729535102844
553628,-87523.9477524151,-490438.137910196,Cenozoico,Marino,Formación Pisco,0.963348758220673
553629,-85523.1680666059,-490438.137910196,Cenozoico,Marino,Formación Pisco,0.962203431129456
553630,-83522.3883807966,-490438.137910196,Cenozoico,Marino,Formación Pisco,0.974266123771667
553633,-77520.049323369,-490438.137910196,Cenozoico,Marino,Formación Pisco,0.967919731140137
553634,-75519.2696375597,-490438.137910196,Cenozoico,Marino,Formación Pisco,0.970021426677704
553639,-65515.3712085136,-490438.137910196,Cenozoico,Marino,Formación Pisco,0.949639987945557
553640,-63514.5915227044,-490438.137910196,Cenozoico,Marino,Formación Pisco,0.964927935600281
554320,-95527.066495652,-492437.673365426,Cenozoico,Continental,Depósito residual,0.93280394077301
554324,-87523.9477524151,-492437.673365426,Cenozoico,Marino,Formación Pisco,0.974166369438171
554325,-85523.1680666059,-492437.673365426,Cenozoico,Marino,Formación Pisco,0.973585414886475
554326,-83522.3883807966,-492437.673365426,Cenozoico,Marino,Formación Pisco,0.972496318817139
554329,-77520.049323369,-492437.673365426,Cenozoico,Marino,Formación Pisco,0.969089186191559
554330,-75519.2696375597,-492437.673365426,Cenozoico,Marino,Formación Pisco,0.972233033180237
554335,-65515.3712085136,-492437.673365426,Cenozoico,Marino,Formación Pisco,0.974067842960358
554336,-63514.5915227044,-492437.673365426,Cenozoico,Marino,Formación Pisco,0.965695464611053
555014,-99528.6258672704,-494437.208820656,Cenozoico,Transicional,Formación Los Choros,0.96200578212738
555018,-91525.5071240335,-494437.208820656,Cenozoico,Continental,Depósito residual,0.942885339260101
555020,-87523.9477524151,-494437.208820656,Cenozoico,Marino,Formación Pisco,0.970065069198608
555021,-85523.1680666059,-494437.208820656,Cenozoico,Marino,Formación Pisco,0.973800957202911
555022,-83522.3883807966,-494437.208820656,Cenozoico,Marino,Formación Pisco,0.973491084575653
555023,-81521.6086949874,-494437.208820656,Cenozoico,Marino,Formación Pisco,0.975355100631714
555024,-79520.8290091782,-494437.208820656,Cenozoico,Marino,Formación Pisco,0.949416530132294
555026,-75519.2696375597,-494437.208820656,Cenozoico,Marino,Formación Pisco,0.966467595100403
555032,-63514.5915227044,-494437.208820656,Cenozoico,Marino,Formación Pisco,0.974811005592346
555718,-83522.3883807966,-496436.744275886,Cenozoico,Marino,Formación Pisco,0.973800957202911
555719,-81521.6086949874,-496436.744275886,Cenozoico,Marino,Formación Pisco,0.970930123329163
555720,-79520.8290091782,-496436.744275886,Cenozoico,Marino,Formación Pisco,0.965772867202759
555721,-77520.049323369,-496436.744275886,Cenozoico,Marino,Formación Pisco,0.97523387670517
555728,-63514.5915227044,-496436.744275886,Cenozoico,Marino,Formación Pisco,0.973042786121368
556416,-79520.8290091782,-498436.279731117,Cenozoico,Marino,Formación Pisco,0.970135867595673
556418,-75519.2696375597,-498436.279731117,Cenozoico,Marino,Formación Pisco,0.976857769489288
556420,-71517.7102659413,-498436.279731117,Cenozoico,Marino,Formación Pisco,0.969207859039307
556421,-69516.9305801321,-498436.279731117,Cenozoico,Continental,Formación Chilcatay,0.958910536766052
556423,-65515.3712085136,-498436.279731117,Cenozoico,Continental,Formación Chilcatay,0.966085803508759
556424,-63514.5915227044,-498436.279731117,Cenozoico,Marino,Formación Pisco,0.961402189731598
556426,-59513.032151086,-498436.279731117,Cenozoico,Marino,Formación Pisco,0.961588358879089
556427,-57512.2524652768,-498436.279731117,Cenozoico,Marino,Formación Pisco,0.949384307861328
557112,-79520.8290091782,-500435.815186347,Cenozoico,Marino,Formación Pisco,0.971194982528687
557113,-77520.049323369,-500435.815186347,Cenozoico,Marino,Formación Pisco,0.973265826702118
557114,-75519.2696375597,-500435.815186347,Cenozoico,Marino,Formación Pisco,0.973751318454742
557115,-73518.4899517505,-500435.815186347,Cenozoico,Marino,Formación Pisco,0.959668588638306
557116,-71517.7102659413,-500435.815186347,Cenozoico,Marino,Formación Pisco,0.961581885814667
557117,-69516.9305801321,-500435.815186347,Cenozoico,Continental,Formación Chilcatay,0.975137400627136
557119,-65515.3712085136,-500435.815186347,Cenozoico,Continental,Formación Chilcatay,0.959567975997925
557120,-63514.5915227044,-500435.815186347,Cenozoico,Marino,Formación Pisco,0.964085876941681
557121,-61513.8118368952,-500435.815186347,Cenozoico,Marino,Formación Pisco,0.978204309940338
557122,-59513.032151086,-500435.815186347,Cenozoico,Marino,Formación Pisco,0.951078796386719
557808,-79520.8290091782,-502435.350641577,Cenozoico,Marino,Formación Pisco,0.964559125900269
557809,-77520.049323369,-502435.350641577,Cenozoico,Marino,Formación Pisco,0.974614787101746
557810,-75519.2696375597,-502435.350641577,Cenozoico,Marino,Formación Pisco,0.972592926025391
557811,-73518.4899517505,-502435.350641577,Cenozoico,Marino,Formación Pisco,0.969202899932861
557812,-71517.7102659413,-502435.350641577,Cenozoico,Marino,Formación Pisco,0.955468654632568
557813,-69516.9305801321,-502435.350641577,Cenozoico,Continental,Formación Chilcatay,0.971511149406433
557815,-65515.3712085136,-502435.350641577,Cenozoico,Continental,Formación Chilcatay,0.965597891807556
557816,-63514.5915227044,-502435.350641577,Cenozoico,Marino,Formación Pisco,0.964193737506866
557817,-61513.8118368952,-502435.350641577,Cenozoico,Marino,Formación Pisco,0.958404171466827
557818,-59513.032151086,-502435.350641577,Cenozoico,Marino,Formación Pisco,0.953234493732452
557819,-57512.2524652768,-502435.350641577,Cenozoico,Marino,Formación Pisco,0.949639987945557
557823,-49509.1337220398,-502435.350641577,Cenozoico,Marino,Formación Pisco,0.946096360683441
558493,-101529.40555308,-504434.886096807,Cenozoico,Sin dato,Océano Pacífico,0.958448100090027
558504,-79520.8290091782,-504434.886096807,Cenozoico,Marino,Formación Pisco,0.962015020847321
558505,-77520.049323369,-504434.886096807,Cenozoico,Marino,Formación Pisco,0.968101727962494
558506,-75519.2696375597,-504434.886096807,Cenozoico,Marino,Formación Pisco,0.975074183940887
558508,-71517.7102659413,-504434.886096807,Cenozoico,Continental,Formación Chilcatay,0.971219205856323
558509,-69516.9305801321,-504434.886096807,Cenozoico,Continental,Formación Chilcatay,0.972864401340485
558510,-67516.1508943229,-504434.886096807,Cenozoico,Continental,Formación Chilcatay,0.962305188179016
558511,-65515.3712085136,-504434.886096807,Cenozoico,Continental,Formación Chilcatay,0.972794473171234
558512,-63514.5915227044,-504434.886096807,Cenozoico,Marino,Formación Pisco,0.97498471736908
558513,-61513.8118368952,-504434.886096807,Cenozoico,Continental,Depósito residual,0.924749791622162
558514,-59513.032151086,-504434.886096807,Cenozoico,Marino,Formación Pisco,0.961153674125671
558515,-57512.2524652768,-504434.886096807,Cenozoico,Marino,Formación Pisco,0.947269678115845
558516,-55511.4727794675,-504434.886096807,Cenozoico,Marino,Formación Pisco,0.949365746974945
558517,-53510.6930936583,-504434.886096807,Cenozoico,Marino,Formación Pisco,0.949365746974945
559200,-79520.8290091782,-506434.421552037,Cenozoico,Marino,Formación Pisco,0.97169086933136
559201,-77520.049323369,-506434.421552037,Cenozoico,Marino,Formación Pisco,0.974225950241089
559202,-75519.2696375597,-506434.421552037,Cenozoico,Marino,Formación Pisco,0.974458754062653
559203,-73518.4899517505,-506434.421552037,Cenozoico,Marino,Formación Pisco,0.974387288093567
559204,-71517.7102659413,-506434.421552037,Cenozoico,Continental,Formación Chilcatay,0.972516143321991
559205,-69516.9305801321,-506434.421552037,Cenozoico,Continental,Formación Chilcatay,0.974219036102295
559206,-67516.1508943229,-506434.421552037,Cenozoico,Continental,Formación Chilcatay,0.968603610992432
559207,-65515.3712085136,-506434.421552037,Cenozoico,Continental,Formación Chilcatay,0.967487323284149
559208,-63514.5915227044,-506434.421552037,Cenozoico,Marino,Formación Pisco,0.969011688232422
559209,-61513.8118368952,-506434.421552037,Cenozoico,Marino,Formación Pisco,0.974331212043762
559210,-59513.032151086,-506434.421552037,Cenozoico,Marino,Formación Pisco,0.968861997127533
559211,-57512.2524652768,-506434.421552037,Cenozoico,Marino,Formación Pisco,0.955691599845886
559212,-55511.4727794675,-506434.421552037,Cenozoico,Marino,Formación Pisco,0.948978018760681
559213,-53510.6930936583,-506434.421552037,Cenozoico,Marino,Formación Pisco,0.952738904953003
559214,-51509.9134078491,-506434.421552037,Cenozoico,Marino,Formación Pisco,0.949384307861328
559215,-49509.1337220398,-506434.421552037,Cenozoico,Marino,Formación Pisco,0.972071743011475
559230,-19497.4384349015,-506434.421552037,Cenozoico,Continental,Formación Cañete,0.922559499740601
559231,-17496.6587490923,-506434.421552037,Cenozoico,Continental,Formación Cañete,0.931797409057617
559897,-77520.049323369,-508433.957007267,Cenozoico,Marino,Formación Pisco,0.976633632183075
559898,-75519.2696375597,-508433.957007267,Cenozoico,Marino,Formación Pisco,0.976102674007416
559900,-71517.7102659413,-508433.957007267,Cenozoico,Continental,Formación Chilcatay,0.976241588592529
559901,-69516.9305801321,-508433.957007267,Cenozoico,Continental,Formación Chilcatay,0.975428438186646
559902,-67516.1508943229,-508433.957007267,Cenozoico,Continental,Formación Chilcatay,0.97950599193573
559903,-65515.3712085136,-508433.957007267,Cenozoico,Continental,Formación Chilcatay,0.962864100933075
559904,-63514.5915227044,-508433.957007267,Cenozoico,Continental,Formación Chilcatay,0.960528838634491
559905,-61513.8118368952,-508433.957007267,Cenozoico,Marino,Formación Pisco,0.974331212043762
559906,-59513.032151086,-508433.957007267,Cenozoico,Marino,Formación Pisco,0.966386032104492
559908,-55511.4727794675,-508433.957007267,Cenozoico,Marino,Formación Pisco,0.955643105506897
559910,-51509.9134078491,-508433.957007267,Cenozoico,Marino,Formación Pisco,0.976190686225891
559911,-49509.1337220398,-508433.957007267,Cenozoico,Marino,Formación Pisco,0.971478521823883
559912,-47508.3540362306,-508433.957007267,Cenozoico,Marino,Formación Pisco,0.961830830574036
559925,-21498.2181207107,-508433.957007267,Cenozoico,Continental,Formación Cañete,0.930414378643036
559926,-19497.4384349015,-508433.957007267,Cenozoico,Continental,Formación Cañete,0.923019754886627
559927,-17496.6587490923,-508433.957007267,Cenozoico,Continental,Formación Cañete,0.927965927124023
560592,-79520.8290091782,-510433.492462498,Cenozoico,Marino,Formación Pisco,0.975144839286804
560593,-77520.049323369,-510433.492462498,Cenozoico,Marino,Formación Pisco,0.974070119857788
560595,-73518.4899517505,-510433.492462498,Cenozoico,Marino,Formación Pisco,0.97212929725647
560596,-71517.7102659413,-510433.492462498,Cenozoico,Marino,Formación Pisco,0.973475730419159
560597,-69516.9305801321,-510433.492462498,Cenozoico,Continental,Formación Chilcatay,0.973022782802582
560598,-67516.1508943229,-510433.492462498,Cenozoico,Continental,Formación Chilcatay,0.966913211345673
560599,-65515.3712085136,-510433.492462498,Cenozoico,Transicional,Grupo Los Choros - Formación Yumaque,0.967138457298279
560600,-63514.5915227044,-510433.492462498,Cenozoico,Continental,Formación Chilcatay,0.962382173538208
560601,-61513.8118368952,-510433.492462498,Cenozoico,Marino,Formación Pisco,0.958894670009613
560602,-59513.032151086,-510433.492462498,Cenozoico,Marino,Formación Pisco,0.966148722171783
560603,-57512.2524652768,-510433.492462498,Cenozoico,Marino,Formación Pisco,0.952754330635071
560604,-55511.4727794675,-510433.492462498,Cenozoico,Marino,Formación Pisco,0.952486717700958
560606,-51509.9134078491,-510433.492462498,Cenozoico,Marino,Formación Pisco,0.968785977363586
560607,-49509.1337220398,-510433.492462498,Cenozoico,Marino,Formación Pisco,0.957625997066498
560616,-31502.1165497568,-510433.492462498,Cenozoico,Continental,Formación Cañete,0.925963246822357
560617,-29501.3368639476,-510433.492462498,Cenozoico,Continental,Formación Cañete,0.924658858776093
560621,-21498.2181207107,-510433.492462498,Cenozoico,Continental,Formación Cañete,0.912524807453156
560622,-19497.4384349015,-510433.492462498,Cenozoico,Continental,Formación Cañete,0.923376023769379
561289,-77520.049323369,-512433.027917728,Cenozoico,Marino,Formación Pisco,0.972980523109436
561291,-73518.4899517505,-512433.027917728,Cenozoico,Marino,Formación Pisco,0.974458754062653
561292,-71517.7102659413,-512433.027917728,Cenozoico,Marino,Formación Pisco,0.973532736301422
561293,-69516.9305801321,-512433.027917728,Cenozoico,Continental,Formación Chilcatay,0.974276888370514
561294,-67516.1508943229,-512433.027917728,Cenozoico,Transicional,Grupo Los Choros - Formación Yumaque,0.970774817466736
561295,-65515.3712085136,-512433.027917728,Cenozoico,Transicional,Grupo Los Choros - Formación Yumaque,0.974987685680389
561296,-63514.5915227044,-512433.027917728,Cenozoico,Continental,Formación Chilcatay,0.978349328041077
561297,-61513.8118368952,-512433.027917728,Cenozoico,Continental,Formación Chilcatay,0.96007114648819
561298,-59513.032151086,-512433.027917728,Cenozoico,Marino,Formación Pisco,0.954108846187592
561299,-57512.2524652768,-512433.027917728,Cenozoico,Marino,Formación Pisco,0.958505976200104
561300,-55511.4727794675,-512433.027917728,Cenozoico,Marino,Formación Pisco,0.963001990318298
561301,-53510.6930936583,-512433.027917728,Cenozoico,Marino,Formación Pisco,0.97465523481369
561311,-33502.8962355661,-512433.027917728,Cenozoico,Marino,Formación Pisco,0.978301179409027
561312,-31502.1165497568,-512433.027917728,Cenozoico,Continental,Formación Cañete,0.925635147094727
561313,-29501.3368639476,-512433.027917728,Cenozoico,Continental,Formación Cañete,0.921973323822021
561985,-77520.049323369,-514432.563372958,Cenozoico,Marino,Formación Pisco,0.963348758220673
561987,-73518.4899517505,-514432.563372958,Cenozoico,Marino,Formación Pisco,0.974458754062653
561988,-71517.7102659413,-514432.563372958,Cenozoico,Marino,Formación Pisco,0.967767059803009
561989,-69516.9305801321,-514432.563372958,Cenozoico,Continental,Formación Chilcatay,0.97471079826355
561990,-67516.1508943229,-514432.563372958,Cenozoico,Transicional,Grupo Los Choros - Formación Yumaque,0.964301466941833
561991,-65515.3712085136,-514432.563372958,Cenozoico,Transicional,Grupo Los Choros - Formación Yumaque,0.977828288078308
561992,-63514.5915227044,-514432.563372958,Cenozoico,Transicional,Formación Los Choros,0.975130879878998
561994,-59513.032151086,-514432.563372958,Cenozoico,Continental,Formación Chilcatay,0.980645883083344
561995,-57512.2524652768,-514432.563372958,Cenozoico,Marino,Formación Pisco,0.955796873569489
561996,-55511.4727794675,-514432.563372958,Cenozoico,Marino,Formación Pisco,0.958404171466827
561997,-53510.6930936583,-514432.563372958,Cenozoico,Marino,Formación Pisco,0.964826130867004
562006,-35503.6759213753,-514432.563372958,Cenozoico,Continental,Formación Cañete,0.92866724729538
562682,-75519.2696375597,-516432.098828188,Cenozoico,Continental,Formación Chilcatay,0.97215678691864
562683,-73518.4899517505,-516432.098828188,Cenozoico,Marino,Formación Pisco,0.972041249275208
562685,-69516.9305801321,-516432.098828188,Cenozoico,Transicional,Grupo Los Choros - Formación Yumaque,0.976768434047699
562687,-65515.3712085136,-516432.098828188,Cenozoico,Transicional,Grupo Los Choros - Formación Yumaque,0.969147729873657
562691,-57512.2524652768,-516432.098828188,Cenozoico,Marino,Formación Pisco,0.979574465751648
562692,-55511.4727794675,-516432.098828188,Cenozoico,Marino,Formación Pisco,0.978702580928802
562693,-53510.6930936583,-516432.098828188,Cenozoico,Marino,Formación Pisco,0.964554738998413
562696,-47508.3540362306,-516432.098828188,Cenozoico,Continental,Formación Cañete,0.929061567783356
562707,-25499.7774923292,-516432.098828188,Cenozoico,Continental,Formación Changuillo,0.916704034805298
563369,-93526.2868098427,-518431.634283418,Cenozoico,Sin dato,Océano Pacífico,0.936532855033875
563381,-69516.9305801321,-518431.634283418,Cenozoico,Transicional,Formación Los Choros,0.974133765697479
563382,-67516.1508943229,-518431.634283418,Cenozoico,Transicional,Formación Los Choros,0.971869039535522
563383,-65515.3712085136,-518431.634283418,Cenozoico,Transicional,Formación Los Choros,0.966258978843689
563384,-63514.5915227044,-518431.634283418,Cenozoico,Transicional,Grupo Los Choros - Formación Yumaque,0.978285431861877
563385,-61513.8118368952,-518431.634283418,Cenozoico,Continental,Formación Chilcatay,0.976565062999725
563386,-59513.032151086,-518431.634283418,Cenozoico,Continental,Formación Chilcatay,0.975837290287018
563387,-57512.2524652768,-518431.634283418,Cenozoico,Marino,Formación Pisco,0.978219497203827
563388,-55511.4727794675,-518431.634283418,Cenozoico,Marino,Formación Pisco,0.968191516399384
563399,-33502.8962355661,-518431.634283418,Cenozoico,Marino,Formación Pisco,0.97399537563324
563401,-29501.3368639476,-518431.634283418,Cenozoico,Marino,Formación Pisco,0.971503150463104
563402,-27500.5571781384,-518431.634283418,Cenozoico,Continental,Formación Changuillo,0.908371257781982
563403,-25499.7774923292,-518431.634283418,Cenozoico,Marino,Formación Pisco,0.971390461921692
563404,-23498.99780652,-518431.634283418,Cenozoico,Marino,Formación Pisco,0.978131663799286
564076,-71517.7102659413,-520431.169738648,Cenozoico,Continental,Depósito residual,0.937077677249908
564081,-61513.8118368952,-520431.169738648,Cenozoico,Transicional,Grupo Los Choros - Formación Yumaque,0.977442228794098
564082,-59513.032151086,-520431.169738648,Cenozoico,Continental,Formación Chilcatay,0.979847419261932
564083,-57512.2524652768,-520431.169738648,Cenozoico,Continental,Formación Chilcatay,0.979400086402893
564098,-27500.5571781384,-520431.169738648,Cenozoico,Marino,Formación Pisco,0.97240743637085
564099,-25499.7774923292,-520431.169738648,Cenozoico,Continental,Formación Cañete,0.928106188774109
564776,-63514.5915227044,-522430.705193878,Cenozoico,Transicional,Grupo Los Choros - Formación Yumaque,0.975030398368835
564778,-59513.032151086,-522430.705193878,Cenozoico,Continental,Formación Chilcatay,0.960045540332794
564779,-57512.2524652768,-522430.705193878,Cenozoico,Marino,Formación Pisco,0.971997141838074
564780,-55511.4727794675,-522430.705193878,Cenozoico,Marino,Formación Pisco,0.974506878852844
564781,-53510.6930936583,-522430.705193878,Cenozoico,Marino,Formación Pisco,0.966078400611877
564789,-37504.4556071845,-522430.705193878,Cenozoico,Marino,Formación Pisco,0.969499409198761
564792,-31502.1165497568,-522430.705193878,Cenozoico,Marino,Formación Pisco,0.958797454833984
565465,-77520.049323369,-524430.240649109,Cenozoico,Continental,Depósito residual,0.945441734790802
565474,-59513.032151086,-524430.240649109,Cenozoico,Continental,Formación Chilcatay,0.968293714523315
565475,-57512.2524652768,-524430.240649109,Cenozoico,Continental,Formación Chilcatay,0.980021846294403
565476,-55511.4727794675,-524430.240649109,Cenozoico,Marino,Formación Pisco,0.980888485908508
565477,-53510.6930936583,-524430.240649109,Cenozoico,Marino,Formación Pisco,0.967037487030029
565480,-47508.3540362306,-524430.240649109,Cenozoico,Continental,Formación Cañete,0.925944530963898
565483,-41506.014978803,-524430.240649109,Cenozoico,Marino,Formación Pisco,0.972531819343567
565487,-33502.8962355661,-524430.240649109,Cenozoico,Marino,Formación Pisco,0.967626404762268
565488,-31502.1165497568,-524430.240649109,Cenozoico,Marino,Formación Pisco,0.969643783569336
565492,-23498.99780652,-524430.240649109,Cenozoico,Marino,Formación Pisco,0.974835419654846
566159,-81521.6086949874,-526429.776104339,Cenozoico,Continental,Depósito residual,0.961497056484222
566162,-75519.2696375597,-526429.776104339,Cenozoico,Continental,Depósito residual,0.950695407390594
566166,-67516.1508943229,-526429.776104339,Cenozoico,Transicional,Grupo Los Choros - Formación Yumaque,0.976983439922333
566169,-61513.8118368952,-526429.776104339,Cenozoico,Continental,Formación Chilcatay,0.979400086402893
566170,-59513.032151086,-526429.776104339,Cenozoico,Continental,Formación Chilcatay,0.98274929523468
566171,-57512.2524652768,-526429.776104339,Cenozoico,Continental,Formación Chilcatay,0.9807337641716
566172,-55511.4727794675,-526429.776104339,Cenozoico,Continental,Formación Chilcatay,0.980128300189972
566173,-53510.6930936583,-526429.776104339,Cenozoico,Marino,Formación Pisco,0.963228762149811
566177,-45507.5743504214,-526429.776104339,Cenozoico,Continental,Formación Cañete,0.929034566879272
566180,-39505.2352929937,-526429.776104339,Cenozoico,Marino,Formación Pisco,0.962205767631531
566183,-33502.8962355661,-526429.776104339,Cenozoico,Marino,Formación Pisco,0.963800632953644
566186,-27500.5571781384,-526429.776104339,Cenozoico,Marino,Formación Pisco,0.966779565811157
566858,-75519.2696375597,-528429.311559569,Cenozoico,Transicional,Grupo Los Choros - Formación Yumaque,0.97566237449646
566866,-59513.032151086,-528429.311559569,Cenozoico,Continental,Formación Chilcatay,0.977985465526581
566867,-57512.2524652768,-528429.311559569,Cenozoico,Continental,Formación Chilcatay,0.97823121547699
566868,-55511.4727794675,-528429.311559569,Cenozoico,Continental,Formación Chilcatay,0.98164838552475
566869,-53510.6930936583,-528429.311559569,Cenozoico,Marino,Formación Pisco,0.97705899477005
566872,-47508.3540362306,-528429.311559569,Cenozoico,Marino,Formación Pisco,0.970224869251251
566874,-43506.7946646122,-528429.311559569,Cenozoico,Continental,Formación Cañete,0.926081931591034
566878,-35503.6759213753,-528429.311559569,Cenozoico,Marino,Formación Pisco,0.968851482868195
566880,-31502.1165497568,-528429.311559569,Cenozoico,Continental,Formación Cañete,0.927230715751648
566881,-29501.3368639476,-528429.311559569,Cenozoico,Marino,Formación Pisco,0.975311839580536
566885,-21498.2181207107,-528429.311559569,Cenozoico,Marino,Formación Pisco,0.974001288414001
567561,-61513.8118368952,-530428.847014799,Cenozoico,Continental,Depósito residual,0.953229928016663
567562,-59513.032151086,-530428.847014799,Cenozoico,Continental,Formación Chilcatay,0.982414257526398
567563,-57512.2524652768,-530428.847014799,Cenozoico,Continental,Formación Chilcatay,0.971427917480469
567565,-53510.6930936583,-530428.847014799,Cenozoico,Continental,Formación Chilcatay,0.981999516487122
567568,-47508.3540362306,-530428.847014799,Cenozoico,Marino,Formación Pisco,0.966258203983307
567569,-45507.5743504214,-530428.847014799,Cenozoico,Marino,Formación Pisco,0.974778294563293
567572,-39505.2352929937,-530428.847014799,Cenozoico,Marino,Formación Pisco,0.965987229347229
567574,-35503.6759213753,-530428.847014799,Cenozoico,Marino,Formación Pisco,0.967817533016205
567579,-25499.7774923292,-530428.847014799,Cenozoico,Continental,Formación Cañete,0.923019754886627
568257,-61513.8118368952,-532428.382470029,Cenozoico,Transicional,Grupo Los Choros - Formación Yumaque,0.98773410320282
568258,-59513.032151086,-532428.382470029,Cenozoico,Transicional,Grupo Los Choros - Formación Yumaque,0.979680204391479
568259,-57512.2524652768,-532428.382470029,Cenozoico,Continental,Formación Chilcatay,0.977280759811401
568260,-55511.4727794675,-532428.382470029,Cenozoico,Continental,Formación Chilcatay,0.979551637172699
568261,-53510.6930936583,-532428.382470029,Cenozoico,Continental,Formación Chilcatay,0.976182782649994
568262,-51509.9134078491,-532428.382470029,Cenozoico,Marino,Formación Pisco,0.977018308639526
568266,-43506.7946646122,-532428.382470029,Cenozoico,Marino,Formación Pisco,0.969420289993286
568267,-41506.014978803,-532428.382470029,Cenozoico,Marino,Formación Pisco,0.966923582553864
568268,-39505.2352929937,-532428.382470029,Cenozoico,Marino,Formación Pisco,0.958336496353149
568271,-33502.8962355661,-532428.382470029,Cenozoico,Marino,Formación Pisco,0.972704386711121
568272,-31502.1165497568,-532428.382470029,Cenozoico,Marino,Formación Pisco,0.950433480739594
568279,-17496.6587490923,-532428.382470029,Cenozoico,Marino,Formación Pisco,0.964061427116394
568280,-15495.8790632831,-532428.382470029,Cenozoico,Marino,Formación Pisco,0.967405736446381
568281,-13495.0993774738,-532428.382470029,Cenozoico,Marino,Formación Pisco,0.959041738510132
568951,-65515.3712085136,-534427.917925259,Cenozoico,Transicional,Grupo Los Choros - Formación Yumaque,0.959213411808014
568953,-61513.8118368952,-534427.917925259,Cenozoico,Transicional,Grupo Los Choros - Formación Yumaque,0.980253195762634
568955,-57512.2524652768,-534427.917925259,Cenozoico,Continental,Formación Chilcatay,0.984399592876434
568956,-55511.4727794675,-534427.917925259,Cenozoico,Continental,Formación Chilcatay,0.978988027572632
568957,-53510.6930936583,-534427.917925259,Cenozoico,Marino,Formación Pisco,0.978484523296356
568958,-51509.9134078491,-534427.917925259,Cenozoico,Marino,Formación Pisco,0.979973804950714
568959,-49509.1337220398,-534427.917925259,Cenozoico,Marino,Formación Pisco,0.967394268512726
568960,-47508.3540362306,-534427.917925259,Cenozoico,Marino,Formación Pisco,0.95773606300354
568967,-33502.8962355661,-534427.917925259,Cenozoico,Marino,Formación Pisco,0.97661155462265
568968,-31502.1165497568,-534427.917925259,Cenozoico,Marino,Formación Pisco,0.97299485206604
568970,-27500.5571781384,-534427.917925259,Cenozoico,Marino,Formación Pisco,0.949722325801849
568974,-19497.4384349015,-534427.917925259,Cenozoico,Marino,Formación Pisco,0.95706387758255
569647,-65515.3712085136,-536427.453380489,Cenozoico,Continental,Depósito eólico,0.931781196594238
569649,-61513.8118368952,-536427.453380489,Cenozoico,Transicional,Grupo Los Choros - Formación Yumaque,0.971017634868622
569652,-55511.4727794675,-536427.453380489,Cenozoico,Continental,Formación Chilcatay,0.97240104675293
569653,-53510.6930936583,-536427.453380489,Cenozoico,Marino,Formación Pisco,0.978057134151459
569654,-51509.9134078491,-536427.453380489,Cenozoico,Marino,Formación Pisco,0.976391279697418
569655,-49509.1337220398,-536427.453380489,Cenozoico,Marino,Formación Pisco,0.967567765712738
569662,-35503.6759213753,-536427.453380489,Cenozoico,Marino,Formación Pisco,0.97280524969101
569664,-31502.1165497568,-536427.453380489,Cenozoico,Marino,Formación Pisco,0.973951482772827
569665,-29501.3368639476,-536427.453380489,Cenozoico,Marino,Formación Pisco,0.973900318145752
569670,-19497.4384349015,-536427.453380489,Cenozoico,Marino,Formación Pisco,0.955620110034943
569678,-3491.20094842772,-536427.453380489,Cenozoico,Continental,Formación Cañete,0.894193983078003
570345,-61513.8118368952,-538426.98883572,Cenozoico,Continental,Depósito eólico,0.915528559684753
570346,-59513.032151086,-538426.98883572,Cenozoico,Continental,Depósito eólico,0.918122220039368
570350,-51509.9134078491,-538426.98883572,Cenozoico,Marino,Formación Pisco,0.971962559223175
570351,-49509.1337220398,-538426.98883572,Cenozoico,Marino,Formación Pisco,0.961172962188721
570352,-47508.3540362306,-538426.98883572,Cenozoico,Marino,Formación Pisco,0.975916230678558
570363,-25499.7774923292,-538426.98883572,Cenozoico,Marino,Formación Pisco,0.950448644161224
570367,-17496.6587490923,-538426.98883572,Cenozoico,Marino,Formación Pisco,0.958967638015747
571043,-57512.2524652768,-540426.52429095,Cenozoico,Continental,Depósito eólico,0.933840978145599
571045,-53510.6930936583,-540426.52429095,Cenozoico,Continental,Formación Cañete,0.93145135641098
571046,-51509.9134078491,-540426.52429095,Cenozoico,Continental,Formación Cañete,0.930568873882294
571047,-49509.1337220398,-540426.52429095,Cenozoico,Continental,Formación Cañete,0.91996043920517
571050,-43506.7946646122,-540426.52429095,Cenozoico,Marino,Formación Pisco,0.97409862279892
571054,-35503.6759213753,-540426.52429095,Cenozoico,Marino,Formación Pisco,0.970220911502838
571057,-29501.3368639476,-540426.52429095,Cenozoico,Marino,Formación Pisco,0.971631276607513
571058,-27500.5571781384,-540426.52429095,Cenozoico,Marino,Formación Pisco,0.973688197135925
571064,-15495.8790632831,-540426.52429095,Cenozoico,Marino,Formación Pisco,0.957440388202667
571067,-9493.54000585539,-540426.52429095,Cenozoico,Marino,Formación Pisco,0.957596576213837
571068,-7492.76032004616,-540426.52429095,Cenozoico,Marino,Formación Pisco,0.964426255226135
571740,-55511.4727794675,-542426.05974618,Cenozoico,Continental,Depósito eólico,0.933840978145599
571744,-47508.3540362306,-542426.05974618,Cenozoico,Continental,Formación Cañete,0.923808455467224
571748,-39505.2352929937,-542426.05974618,Cenozoico,Marino,Formación Pisco,0.96409273147583
571751,-33502.8962355661,-542426.05974618,Cenozoico,Marino,Formación Pisco,0.974989056587219
571752,-31502.1165497568,-542426.05974618,Cenozoico,Marino,Formación Pisco,0.970065069198608
571753,-29501.3368639476,-542426.05974618,Cenozoico,Marino,Formación Pisco,0.972531819343567
571754,-27500.5571781384,-542426.05974618,Cenozoico,Marino,Formación Pisco,0.96753910779953
571759,-17496.6587490923,-542426.05974618,Cenozoico,Marino,Formación Pisco,0.968886232376099
571760,-15495.8790632831,-542426.05974618,Cenozoico,Continental,Formación Changuillo,0.902839398384094
571761,-13495.0993774738,-542426.05974618,Cenozoico,Marino,Formación Pisco,0.96390575170517
571762,-11494.3196916646,-542426.05974618,Cenozoico,Marino,Formación Pisco,0.974223792552948
571764,-7492.76032004616,-542426.05974618,Cenozoico,Marino,Formación Pisco,0.953758800029755
572437,-53510.6930936583,-544425.59520141,Cenozoico,Continental,Depósito eólico,0.933840978145599
572438,-51509.9134078491,-544425.59520141,Cenozoico,Marino,Formación Pisco,0.96666944026947
572447,-33502.8962355661,-544425.59520141,Cenozoico,Marino,Formación Pisco,0.972914969921112
572451,-25499.7774923292,-544425.59520141,Cenozoico,Marino,Formación Pisco,0.974604904651642
572456,-15495.8790632831,-544425.59520141,Cenozoico,Marino,Formación Pisco,0.968737161159515
572458,-11494.3196916646,-544425.59520141,Cenozoico,Marino,Formación Pisco,0.96050146818161
572460,-7492.76032004616,-544425.59520141,Cenozoico,Marino,Formación Pisco,0.962025928497314
572461,-5491.98063423694,-544425.59520141,Cenozoico,Marino,Formación Pisco,0.952756571769714
572462,-3491.20094842772,-544425.59520141,Cenozoico,Marino,Formación Pisco,0.95816547870636
573134,-51509.9134078491,-546425.13065664,Cenozoico,Marino,Formación Pisco,0.965395641326904
573135,-49509.1337220398,-546425.13065664,Cenozoico,Continental,Formación Cañete,0.925576794147491
573138,-43506.7946646122,-546425.13065664,Cenozoico,Marino,Formación Pisco,0.950970315933228
573140,-39505.2352929937,-546425.13065664,Cenozoico,Marino,Formación Pisco,0.960366332530975
573142,-35503.6759213753,-546425.13065664,Cenozoico,Marino,Formación Pisco,0.976585388183594
573146,-27500.5571781384,-546425.13065664,Cenozoico,Marino,Formación Pisco,0.956748485565186
573152,-15495.8790632831,-546425.13065664,Cenozoico,Continental,Formación Cañete,0.922664725780487
573155,-9493.54000585539,-546425.13065664,Cenozoico,Marino,Formación Pisco,0.950011110305786
573159,-1490.4212626185,-546425.13065664,Cenozoico,Marino,Formación Pisco,0.962355661392212
573160,510.358423190728,-546425.13065664,Cenozoico,Marino,Formación Pisco,0.956746065616608
573829,-53510.6930936583,-548424.66611187,Mesozoico,Continental,Formación Río Grande,0.891350746154785
573830,-51509.9134078491,-548424.66611187,Cenozoico,Marino,Formación Pisco,0.968355786800385
573831,-49509.1337220398,-548424.66611187,Cenozoico,Continental,Formación Cañete,0.923579263687134
573833,-45507.5743504214,-548424.66611187,Cenozoico,Marino,Formación Pisco,0.955539107322693
573835,-41506.014978803,-548424.66611187,Cenozoico,Marino,Formación Pisco,0.960616719722748
573841,-29501.3368639476,-548424.66611187,Cenozoico,Marino,Formación Pisco,0.969758212566376
573849,-13495.0993774738,-548424.66611187,Cenozoico,Continental,Formación Cañete,0.929652786254883
574527,-49509.1337220398,-550424.2015671,Cenozoico,Marino,Formación Pisco,0.960635447502136
574529,-45507.5743504214,-550424.2015671,Cenozoico,Marino,Formación Pisco,0.95680365562439
574533,-37504.4556071845,-550424.2015671,Cenozoico,Marino,Formación Pisco,0.963041687011719
575228,-39505.2352929937,-552423.737022331,Cenozoico,Marino,Formación Pisco,0.963490700721741
575242,-11494.3196916646,-552423.737022331,Cenozoico,Marino,Formación Pisco,0.972148883342743
575923,-41506.014978803,-554423.272477561,Cenozoico,Marino,Formación Pisco,0.969758212566376
576617,-45507.5743504214,-556422.807932791,Paleozoico_o_mas,Marino,Formación San Juan - Miembro San Fernando,0.915158307552338
578010,-43506.7946646122,-560421.878843251,Paleozoico_o_mas,Marino,Formación San Juan - Miembro San Fernando,0.914037179946899
580107,-25499.7774923292,-566420.485208942,Cenozoico,Marino,Formación Pisco,0.965465188026428
580796,-39505.2352929937,-568420.020664172,Paleozoico_o_mas,Marino,Formación San Juan - Miembro San Fernando,0.928488731384277
580801,-29501.3368639476,-568420.020664172,Cenozoico,Marino,Formación Pisco,0.955641913414001
580802,-27500.5571781384,-568420.020664172,Cenozoico,Marino,Formación Pisco,0.962886369228363
581493,-37504.4556071845,-570419.556119402,Paleozoico_o_mas,Marino,Formación  San Juan,0.979011714458466
584285,-21498.2181207107,-578417.697940323,Cenozoico,Marino,Formación Pisco,0.978077006340027
584981,-21498.2181207107,-580417.233395553,Cenozoico,Marino,Formación Pisco,0.986693513393402
584982,-19497.4384349015,-580417.233395553,Cenozoico,Marino,Formación Pisco,0.968059003353119
585677,-21498.2181207107,-582416.768850783,Cenozoico,Continental,Depósito aluvial,0.907312548160553
585678,-19497.4384349015,-582416.768850783,Cenozoico,Marino,Formación Pisco,0.978994464874268
585680,-15495.8790632831,-582416.768850783,Cenozoico,Marino,Formación Pisco,0.964333021640778
586373,-21498.2181207107,-584416.304306013,Cenozoico,Marino,Formación Pisco,0.986294102668762
586375,-17496.6587490923,-584416.304306013,Cenozoico,Marino,Formación Pisco,0.967953109741211
586385,2511.13810899995,-584416.304306013,Paleozoico_o_mas,Marino,Formación Marcona,0.959735453128815
587073,-13495.0993774738,-586415.839761243,Cenozoico,Marino,Formación Pisco,0.963290441036224
587081,2511.13810899995,-586415.839761243,Paleozoico_o_mas,Marino,Formación Marcona,0.959727382659912
588464,-15495.8790632831,-590414.910671704,Paleozoico_o_mas,Marino,Formación San Juan - Miembro San Fernando,0.952341079711914
589158,-19497.4384349015,-592414.446126934,Paleozoico_o_mas,Marino,Formación San Juan - Miembro San Fernando,0.928488731384277
589160,-15495.8790632831,-592414.446126934,Cenozoico,Marino,Formación Pisco,0.986045598983765
589161,-13495.0993774738,-592414.446126934,Cenozoico,Marino,Formación Pisco,0.987598621845245
589162,-11494.3196916646,-592414.446126934,Cenozoico,Marino,Formación Pisco,0.971158909797668
589855,-17496.6587490923,-594413.981582164,Paleozoico_o_mas,Marino,Formación San Juan - Miembro San Fernando,0.944572198390961
589856,-15495.8790632831,-594413.981582164,Cenozoico,Marino,Formación Pisco,0.974735653400421
589857,-13495.0993774738,-594413.981582164,Cenozoico,Marino,Formación Pisco,0.985701656341553
590552,-15495.8790632831,-596413.517037394,Paleozoico_o_mas,Marino,Formación San Juan - Miembro San Fernando,0.932096803188324
590556,-7492.76032004616,-596413.517037394,Cenozoico,Marino,Formación Pisco,0.969188511371613
591253,-5491.98063423694,-598413.052492624,Cenozoico,Marino,Formación Pisco,0.966199338436127
591260,8513.47716642762,-598413.052492624,Cenozoico,Marino,Formación Pisco,0.973968029022217
591262,12515.0365380461,-598413.052492624,Cenozoico,Marino,Formación Pisco,0.9727379322052
591263,14515.8162238553,-598413.052492624,Paleozoico_o_mas,Marino,Formación Marcona,0.954911673069
591948,-7492.76032004616,-600412.587947854,Paleozoico_o_mas,Sin dato,Complejo Basal de la Costa,0.911702930927277
591958,12515.0365380461,-600412.587947854,Cenozoico,Marino,Formación Pisco,0.972367024421692
591959,14515.8162238553,-600412.587947854,Cenozoico,Marino,Formación Pisco,0.971590387821198
591960,16516.5959096645,-600412.587947854,Cenozoico,Marino,Formación Pisco,0.967637598514557
591961,18517.3755954737,-600412.587947854,Cenozoico,Marino,Formación Pisco,0.954245066642761
592646,-3491.20094842772,-602412.123403084,Cenozoico,Continental,Depósito aluvial,0.923135793209076
592650,4511.91779480917,-602412.123403084,Paleozoico_o_mas,Marino,Formación San Juan - Miembro San Fernando,0.934851324558258
592654,12515.0365380461,-602412.123403084,Cenozoico,Marino,Formación Pisco,0.980546164512634
592655,14515.8162238553,-602412.123403084,Paleozoico_o_mas,Marino,Formación  San Juan,0.964192950725555
592657,18517.3755954737,-602412.123403084,Cenozoico,Marino,Formación Pisco,0.980524122714996
592658,20518.155281283,-602412.123403084,Cenozoico,Marino,Formación Pisco,0.969780695438385
592659,22518.9349670922,-602412.123403084,Cenozoico,Marino,Formación Pisco,0.961690330505371
593350,12515.0365380461,-604411.658858315,Cenozoico,Marino,Formación Pisco,0.977174139022827
593351,14515.8162238553,-604411.658858315,Cenozoico,Marino,Formación Pisco,0.971235859394073
593352,16516.5959096645,-604411.658858315,Cenozoico,Marino,Formación Pisco,0.962890493869781
593353,18517.3755954737,-604411.658858315,Cenozoico,Marino,Formación Pisco,0.965215528011322
593354,20518.155281283,-604411.658858315,Cenozoico,Marino,Formación Pisco,0.967313742637634
593355,22518.9349670922,-604411.658858315,Cenozoico,Marino,Formación Pisco,0.979303014278412
593356,24519.7146529014,-604411.658858315,Cenozoico,Marino,Formación Pisco,0.975378525257111
594042,4511.91779480917,-606411.194313545,Paleozoico_o_mas,Marino,Formación San Juan - Miembro San Fernando,0.941372954845428
594045,10514.2568522368,-606411.194313545,Cenozoico,Marino,Formación Pisco,0.975792241096497
594046,12515.0365380461,-606411.194313545,Cenozoico,Marino,Formación Pisco,0.979175698757172
594047,14515.8162238553,-606411.194313545,Cenozoico,Marino,Formación Pisco,0.969669079780579
594048,16516.5959096645,-606411.194313545,Cenozoico,Marino,Formación Pisco,0.980405914783478
594049,18517.3755954737,-606411.194313545,Cenozoico,Marino,Formación Pisco,0.986249732971191
594050,20518.155281283,-606411.194313545,Cenozoico,Marino,Formación Pisco,0.987754774093628
594051,22518.9349670922,-606411.194313545,Cenozoico,Marino,Formación Pisco,0.974579799175262
594052,24519.7146529014,-606411.194313545,Cenozoico,Marino,Formación Pisco,0.983147406578064
594053,26520.4943387106,-606411.194313545,Cenozoico,Marino,Formación Pisco,0.961351990699768
594054,28521.2740245199,-606411.194313545,Cenozoico,Marino,Formación Pisco,0.960438013076782
594056,32522.8333961383,-606411.194313545,Cenozoico,Marino,Formación Pisco,0.94801265001297
594740,8513.47716642762,-608410.729768775,Cenozoico,Continental,Depósito marino,0.978524398803711
594741,10514.2568522368,-608410.729768775,Cenozoico,Continental,Depósito eólico,0.931190288066864
594744,16516.5959096645,-608410.729768775,Cenozoico,Marino,Formación Pisco,0.983185648918152
594745,18517.3755954737,-608410.729768775,Cenozoico,Marino,Formación Pisco,0.982854425907135
594746,20518.155281283,-608410.729768775,Cenozoico,Marino,Formación Pisco,0.984060597419739
594747,22518.9349670922,-608410.729768775,Cenozoico,Continental,Depósito eólico,0.932424771785736
594748,24519.7146529014,-608410.729768775,Cenozoico,Marino,Formación Pisco,0.97889062166214
594749,26520.4943387106,-608410.729768775,Cenozoico,Marino,Formación Pisco,0.975362491607666
594750,28521.2740245199,-608410.729768775,Cenozoico,Marino,Formación Pisco,0.970918464660645
594752,32522.8333961383,-608410.729768775,Cenozoico,Marino,Formación Pisco,0.953603208065033
594755,38525.172453566,-608410.729768775,Cenozoico,Marino,Formación Pisco,0.969767343997955
595438,12515.0365380461,-610410.265224005,Cenozoico,Continental,Depósito biogénico,0.912709164619446
595439,14515.8162238553,-610410.265224005,Cenozoico,Continental,Depósito aluvial,0.910094785690308
595440,16516.5959096645,-610410.265224005,Cenozoico,Continental,Depósito eólico,0.915766298770905
595441,18517.3755954737,-610410.265224005,Cenozoico,Marino,Formación Pisco,0.985747218132019
595442,20518.155281283,-610410.265224005,Cenozoico,Continental,Depósito eólico,0.934036481380463
595443,22518.9349670922,-610410.265224005,Cenozoico,Marino,Formación Pisco,0.988079845905304
595445,26520.4943387106,-610410.265224005,Cenozoico,Continental,Depósito residual,0.958322274684906
595446,28521.2740245199,-610410.265224005,Cenozoico,Marino,Formación Pisco,0.975839161872864
595447,30522.0537103291,-610410.265224005,Cenozoico,Marino,Formación Pisco,0.970155680179596
595448,32522.8333961383,-610410.265224005,Cenozoico,Marino,Formación Pisco,0.938919603824615
596135,14515.8162238553,-612409.800679235,Cenozoico,Continental,Depósito marino,0.976794016361237
596137,18517.3755954737,-612409.800679235,Cenozoico,Continental,Depósito residual,0.976955533027649
596139,22518.9349670922,-612409.800679235,Paleozoico_o_mas,Sin dato,Complejo Basal de la Costa,0.922690904140472
596141,26520.4943387106,-612409.800679235,Cenozoico,Marino,Formación Pisco,0.978673470020294
596142,28521.2740245199,-612409.800679235,Cenozoico,Marino,Formación Pisco,0.981620788574219
596832,16516.5959096645,-614409.336134465,Cenozoico,Continental,Depósito eólico,0.920336663722992
596833,18517.3755954737,-614409.336134465,Cenozoico,Continental,Depósito residual,0.962455439567566
596835,22518.9349670922,-614409.336134465,Cenozoico,Continental,Depósito biogénico,0.917588365077972
596836,24519.7146529014,-614409.336134465,Cenozoico,Marino,Formación Pisco,0.985747218132019
596837,26520.4943387106,-614409.336134465,Cenozoico,Marino,Formación Pisco,0.98513435125351
596839,30522.0537103291,-614409.336134465,Cenozoico,Marino,Formación Pisco,0.980221843719482
596843,38525.172453566,-614409.336134465,Cenozoico,Continental,Depósito aluvial,0.88456312417984
597530,20518.155281283,-616408.871589695,Cenozoico,Continental,Depósito marino,0.976794016361237
597531,22518.9349670922,-616408.871589695,Cenozoico,Continental,Depósito marino,0.968196249008179
597534,28521.2740245199,-616408.871589695,Cenozoico,Continental,Depósito eólico,0.904453694820404
597535,30522.0537103291,-616408.871589695,Cenozoico,Continental,Depósito aluvial,0.912223553657532
597536,32522.8333961383,-616408.871589695,Cenozoico,Marino,Formación Pisco,0.987069618701935
597537,34523.6130819475,-616408.871589695,Cenozoico,Marino,Formación Pisco,0.981718075275421
597541,42526.7318251844,-616408.871589695,Cenozoico,Continental,Formación Changuillo,0.91267808675766
598229,26520.4943387106,-618408.407044926,Cenozoico,Continental,Depósito marino,0.976794016361237
598230,28521.2740245199,-618408.407044926,Cenozoico,Continental,Depósito eólico,0.899521243572235
598231,30522.0537103291,-618408.407044926,Cenozoico,Continental,Depósito biogénico,0.905016803741455
598232,32522.8333961383,-618408.407044926,Cenozoico,Marino,Formación Pisco,0.984211492538452
598233,34523.6130819475,-618408.407044926,Paleozoico_o_mas,Marino,Formación San Juan,0.972552692890167
598234,36524.3927677567,-618408.407044926,Cenozoico,Marino,Formación Pisco,0.968876111507416
598238,44527.5115109936,-618408.407044926,Cenozoico,Continental,Formación Changuillo,0.915149235725403
598239,46528.2911968029,-618408.407044926,Cenozoico,Continental,Formación Changuillo,0.891708993911743
598927,30522.0537103291,-620407.942500156,Paleozoico_o_mas,Sin dato,Complejo Basal de la Costa,0.916406488418579
598928,32522.8333961383,-620407.942500156,Paleozoico_o_mas,Sin dato,Complejo Basal de la Costa,0.905132985115051
598931,38525.172453566,-620407.942500156,Cenozoico,Continental,Depósito fluvial,0.901198089122772
599624,32522.8333961383,-622407.477955386,Cenozoico,Continental,Depósito marino,0.976794016361237
599625,34523.6130819475,-622407.477955386,Paleozoico_o_mas,Sin dato,Complejo Basal de la Costa,0.890993475914002
599626,36524.3927677567,-622407.477955386,Cenozoico,Continental,Depósito aluvial,0.910064220428467
599628,40525.9521393752,-622407.477955386,Cenozoico,Sin dato,Depósito aluvial,0.91574684381485
600324,40525.9521393752,-624407.013410616,Cenozoico,Sin dato,Depósito aluvial,0.902239167690277
601020,40525.9521393752,-626406.548865846,Cenozoico,Continental,Depósito marino,0.976794016361237
601023,46528.2911968029,-626406.548865846,Cenozoico,Sin dato,Depósito aluvial,0.898969829082489
601024,48529.0708826121,-626406.548865846,Cenozoico,Sin dato,Depósito aluvial,0.902688193321228
601026,52530.6302542305,-626406.548865846,Cenozoico,Continental,Depósito eólico,0.907618594169617
601719,46528.2911968029,-628406.084321076,Cenozoico,Continental,Depósito marino,0.976794016361237
601722,52530.6302542305,-628406.084321076,Cenozoico,Continental,Depósito aluvial,0.912223553657532
602418,52530.6302542305,-630405.619776306,Cenozoico,Continental,Depósito eólico,0.928582513332367
602421,58532.9693116582,-630405.619776306,Cenozoico,Sin dato,Depósito eólico,0.904819512367249
603117,58532.9693116582,-632405.155231537,Cenozoico,Sin dato,Depósito fluvial,0.9088019490242
606605,74539.206798132,-642402.832507687,Cenozoico,Continental,Depósito residual,0.9451779961586
607302,76539.9864839412,-644402.367962918,Cenozoico,Continental,Depósito aluvial,0.888946413993835
608000,80541.5458555597,-646401.903418148,Cenozoico,Continental,Depósito aluvial,0.912966561317444
608697,82542.3255413689,-648401.438873378,Cenozoico,Continental,Depósito aluvial,0.891794192790985
610093,90545.4442846058,-652400.509783838,Cenozoico,Continental,Depósito aluvial,0.927693784236908
610791,94547.0036562242,-654400.045239068,Cenozoico,Continental,Depósito aluvial,0.914126622676849
613580,104550.90208527,-662398.187059989,Cenozoico,Continental,Depósito aluvial,0.914126622676849
622647,142565.716115646,-688392.147977981,Paleozoico_o_mas,Sin dato,Unidad Playa Hermosa,0.933692753314972
622648,144566.495801455,-688392.147977981,Paleozoico_o_mas,Sin dato,Unidad Playa Hermosa,0.937793111801147
623347,150568.834858882,-690391.683433211,Paleozoico_o_mas,Sin dato,Unidad Playa Hermosa,0.937067270278931
629630,188583.648889258,-708387.502530282,Cenozoico,Continental,Depósito fluvial,0.914808237552643
631035,214593.784804778,-712386.573440743,Cenozoico,Marino,Formación Camaná - Miembro Inferior,0.942419266700745
634520,224597.683233824,-722384.250716893,Cenozoico,Marino,Formación Camaná,0.947227954864502
634521,226598.462919633,-722384.250716893,Cenozoico,Marino,Formación Camaná,0.919969153404236
635219,230600.022291251,-724383.786172124,Cenozoico,Continental,Depósito aluvial,0.900710546970367
635915,230600.022291251,-726383.321627354,Cenozoico,Continental,Depósito marino,0.960113954544067
636612,232600.801977061,-728382.857082584,Cenozoico,Continental,Depósito marino,0.957189095020294
636613,234601.58166287,-728382.857082584,Cenozoico,Continental,Depósito marino,0.942010259628296
637309,234601.58166287,-730382.392537814,Cenozoico,Continental,Depósito marino,0.956384420394897
637310,236602.361348679,-730382.392537814,Cenozoico,Continental,Depósito marino,0.95257066488266
638006,236602.361348679,-732381.927993044,Cenozoico,Continental,Depósito marino,0.957814919948578
638007,238603.141034488,-732381.927993044,Cenozoico,Continental,Depósito marino,0.943904221057892
640106,260611.71757839,-738380.534358734,Cenozoico,Marino,Formación Camaná - Miembro Inferior,0.933376407623291
640805,266614.056635817,-740380.069813965,Cenozoico,Marino,Formación Camaná - Miembro Inferior,0.939992427825928
640806,268614.836321627,-740380.069813965,Cenozoico,Marino,Formación Camaná - Miembro Inferior,0.95752180814743
641504,272616.395693245,-742379.605269195,Sin dato,Sin dato,Océano,0.952959907054901
647080,288622.633179719,-758375.888911036,Sin dato,Sin dato,Océano,0.93774266242981
648474,292624.192551337,-762374.959821496,Paleozoico_o_mas,Sin dato,Complejo Basal de la Costa,0.92598432302475
649173,298626.531608765,-764374.495276726,Paleozoico_o_mas,Sin dato,Complejo Basal de la Costa,0.915944814682007
649870,300627.311294574,-766374.030731957,Paleozoico_o_mas,Sin dato,Complejo Basal de la Costa,0.919992792606354
650567,302628.090980383,-768373.566187187,Paleozoico_o_mas,Sin dato,Complejo Basal de la Costa,0.924812126159668
651264,304628.870666193,-770373.101642417,Paleozoico_o_mas,Sin dato,Complejo Basal de la Costa,0.927055871486664
652658,308630.430037811,-774372.172552877,Paleozoico_o_mas,Sin dato,Complejo Basal de la Costa,0.92598432302475
655450,324636.667524285,-782370.314373798,Cenozoico,Marino,Depósito marino,0.959877610206604
657541,330639.006581713,-788368.920739488,Cenozoico,Marino,Depósito marino,0.958508622646332
660333,346645.244068186,-796367.062560409,Cenozoico,Marino,Depósito marino,0.958961999416351
661030,348646.023753996,-798366.598015639,Cenozoico,Marino,Depósito marino,0.938104438781738
661031,350646.803439805,-798366.598015639,Cenozoico,Marino,Depósito marino,0.964835333824158
661032,352647.583125614,-798366.598015639,Cenozoico,Continental,Depósito aluvial,0.91147403717041
661033,354648.362811423,-798366.598015639,Cenozoico,Continental,Depósito aluvial,0.896392261981964
661730,356649.142497232,-800366.133470869,Cenozoico,Marino,Depósito marino,0.973965966701508
661731,358649.922183042,-800366.133470869,Cenozoico,Continental,Depósito aluvial,0.903453195095062
662428,360650.701868851,-802365.668926099,Cenozoico,Marino,Depósito marino,0.972728312015533
663826,372655.379983706,-806364.73983656,Cenozoico,Continental,Depósito aluvial,0.888946413993835
673577,386660.837784371,-834358.236209782,Sin dato,Sin dato,"Complejo Basal de la Costa - Mollendo - gneis, granulita",0.961667501926422
676362,388661.61747018,-842356.378030702,Cenozoico,Continental,Depósito aluvial,0.91147403717041
678450,388661.61747018,-848354.984396393,Cenozoico,Continental,Depósito aluvial,0.900939905643463
679842,388661.61747018,-852354.055306853,Cenozoico,Marino,Depósito marino,0.973342633247375
679843,390662.397155989,-852354.055306853,Cenozoico,Marino,Depósito marino,0.974694395065308
680536,384660.058098562,-854353.590762083,Sin dato,Sin dato,Océano,0.915890216827393
680539,390662.397155989,-854353.590762083,Cenozoico,Marino,Depósito marino,0.970918929576874
680540,392663.176841798,-854353.590762083,Cenozoico,Marino,Depósito marino,0.936176490783691
681237,394663.956527608,-856353.126217313,Cenozoico,Marino,Depósito marino,0.969901061058044
681935,398665.515899226,-858352.661672543,Cenozoico,Marino,Depósito marino,0.977147269248962
682633,402667.075270845,-860352.197127774,Cenozoico,Marino,Depósito marino,0.969776356220245
683330,404667.854956654,-862351.732583004,Cenozoico,Marino,Depósito marino,0.951563227176666
683358,460689.686159312,-862351.732583004,Cenozoico,Continental,Depósito residual,0.956852614879608
683359,462690.465845121,-862351.732583004,Cenozoico,Continental,Depósito residual,0.937478268146515
684027,406668.634642463,-864351.268038234,Cenozoico,Continental,Depósito aluvial,0.927693784236908
684052,456688.126787694,-864351.268038234,Cenozoico,Continental,Depósito residual,0.954438102245331
684053,458688.906473503,-864351.268038234,Cenozoico,Continental,Depósito residual,0.950485157966614
684054,460689.686159312,-864351.268038234,Cenozoico,Continental,Depósito residual,0.951188814640045
684055,462690.465845121,-864351.268038234,Cenozoico,Continental,Depósito residual,0.950301492214203
684056,464691.245530931,-864351.268038234,Cenozoico,Continental,Depósito residual,0.948604762554169
684065,482698.262703214,-864351.268038234,Cenozoico,Continental,Depósito residual,0.9480597615242
684724,408669.414328272,-866350.803493464,Cenozoico,Continental,Depósito aluvial,0.888172900676727
684760,480697.483017404,-866350.803493464,Cenozoico,Continental,Depósito residual,0.948280370235443
685422,412670.973699891,-868350.338948694,Cenozoico,Continental,Depósito aluvial,0.926744902133942
686815,414671.7533857,-872349.409859155,Mesozoico,Sin dato,Súper Unidad Punta Coles,0.897836410999298
686849,482698.262703214,-872349.409859155,Cenozoico,Continental,Depósito residual,0.945516490936279
687545,482698.262703214,-874348.945314385,Cenozoico,Continental,Depósito residual,0.921946370601654
687546,484699.042389023,-874348.945314385,Cenozoico,Continental,Depósito residual,0.948280370235443
688215,430677.990872174,-876348.480769615,Cenozoico,Continental,Depósito aluvial,0.900711989402771
688912,432678.770557983,-878348.016224845,Cenozoico,Continental,Depósito aluvial,0.894909191131592
689609,434679.550243792,-880347.551680075,Cenozoico,Continental,Depósito aluvial,0.927693784236908
689633,482698.262703214,-880347.551680075,Cenozoico,Continental,Depósito residual,0.953499722480774
689635,486699.822074832,-880347.551680075,Cenozoico,Continental,Depósito residual,0.952246761322021
690330,484699.042389023,-882347.087135305,Cenozoico,Continental,Depósito residual,0.94941657781601
690331,486699.822074832,-882347.087135305,Cenozoico,Continental,Depósito residual,0.953006505966187
691025,482698.262703214,-884346.622590535,Cenozoico,Continental,Depósito residual,0.909347379207611
694491,454687.347101884,-894344.299866686,Cenozoico,Sin dato,Complejo Volcánico Ticsani - Evento 9,0.949733984470367
694504,480697.483017404,-894344.299866686,Cenozoico,Continental,Depósito residual,0.957903146743774
694505,482698.262703214,-894344.299866686,Cenozoico,Continental,Depósito residual,0.958792328834534
694506,484699.042389023,-894344.299866686,Cenozoico,Continental,Depósito residual,0.938262343406677
695200,480697.483017404,-896343.835321916,Cenozoico,Continental,Depósito residual,0.921075820922852
695201,482698.262703214,-896343.835321916,Cenozoico,Continental,Depósito residual,0.961086559295654
695899,486699.822074832,-898343.370777146,Cenozoico,Continental,Depósito residual,0.955965638160706
696590,476695.923645786,-900342.906232377,Cenozoico,Continental,Depósito aluvial,0.903801906108856
697972,456688.126787694,-904341.977142837,Sin dato,Sin dato,Océano,0.935176503658295
697980,472694.364274167,-904341.977142837,Cenozoico,Continental,Depósito aluvial,0.906691086292267
698670,460689.686159312,-906341.512598067,Cenozoico,Continental,Depósito aluvial,0.890895521640778
698671,462690.465845121,-906341.512598067,Cenozoico,Continental,Depósito aluvial,0.9156121134758
698676,472694.364274167,-906341.512598067,Cenozoico,Continental,Depósito aluvial,0.900351822376251
699368,464691.245530931,-908341.048053297,Cenozoico,Continental,Depósito aluvial,0.927693784236908
702855,478696.703331595,-918338.725329448,Cenozoico,Marino,Depósito marino,0.954859483242035
704255,494702.940818069,-922337.796239908,Cenozoico,Continental,Depósito aluvial,0.900144565105438
704947,486699.822074832,-924337.331695138,Cenozoico,Marino,Depósito marino,0.964835333824158
704950,492702.16113226,-924337.331695138,Cenozoico,Continental,Depósito aluvial,0.903770232200623
